city,checkin_date,checkout_date,scrape_timestamp,lead_time_days,is_weekend,hotel_name,hotel_url,hotel_id,price_net,log_price,price_original,discount_pct,taxes_and_charges,star_rating,review_score_overall,review_count,review_score_label,distance_to_center_km,neighborhood,breakfast_included,free_cancellation,is_beachfront,has_free_wifi,has_swimming_pool,has_parking,has_air_conditioning,rooms_left_warning,sustainability_level,property_type,score_cleanliness,score_staff,score_facilities,score_comfort,score_value,score_location,score_wifi,has_spa,has_fitness_center,has_restaurant,has_bar,has_airport_shuttle,has_24h_front_desk,pets_allowed,photo_count,full_address,latitude,longitude
Dubai,2026-10-03,2026-10-04,2026-09-03 10:26:40,29,1,"Atlantis, The Palm",https://www.booking.com/hotel/ae/atlantis-the-palm.html,atlantis-the-palm,579.0,6.3613,579.0,0.0,136.0,5.0,9.2,19084,Wonderful,17.3,"Palm Jumeirah, Dubai (Beach & Coast)",0,1,0,0,0,0,1,0,None,Hotel,,,,,,,,1.0,0.0,0.0,0.0,0.0,0.0,0.0,1.0,,,
Dubai,2026-10-03,2026-10-04,2026-09-03 10:26:40,29,1,25hours Hotel Dubai One Central,https://www.booking.com/hotel/ae/25hours-dubai-one-central.html,25hours-dubai-one-central,204.0,5.3181,204.0,0.0,51.0,5.0,8.4,3673,Very Good,2.9,"Trade Center Area, Dubai (Sheikh Zayed Road)",0,1,0,0,0,0,0,0,None,Hotel,,,,,,,,1.0,0.0,0.0,0.0,0.0,0.0,0.0,1.0,,,
Dubai,2026-10-03,2026-10-04,2026-09-03 10:26:40,29,1,Vida Emirates Hills,https://www.booking.com/hotel/ae/vida-the-hills.html,vida-the-hills,138.0,4.9273,138.0,0.0,35.0,4.0,8.8,1405,Standard,17.4,Dubai,0,1,0,0,0,0,0,0,None,Hotel,,,,,,,,1.0,1.0,1.0,1.0,0.0,0.0,0.0,1.0,"Emirates Hills, Dubai, United Arab Emirates, Dubai, United Arab Emirates",,
Dubai,2026-10-03,2026-10-04,2026-09-03 10:26:40,29,1,Vida Creek Harbour,https://www.booking.com/hotel/ae/vida-harbour-point.html,vida-harbour-point,147.0,4.9904,147.0,0.0,37.0,4.0,9.0,5061,Wonderful,7.3,"Dubai Creek, Dubai (Dubai Creek)",0,1,0,0,0,0,0,0,None,Hotel,,,,,,,,0.0,0.0,0.0,0.0,0.0,0.0,0.0,1.0,,,
Dubai,2026-10-03,2026-10-04,2026-09-03 10:26:40,29,1,Address Creek Harbour,https://www.booking.com/hotel/ae/address-grand-creek-harbour.html,address-grand-creek-harbour,261.0,5.5645,261.0,0.0,64.0,5.0,9.0,3381,Wonderful,7.3,"Dubai Creek, Dubai (Dubai Creek)",0,1,0,0,0,0,0,0,None,Hotel,,,,,,,,1.0,1.0,1.0,1.0,1.0,1.0,1.0,1.0,"Dubai Creek Harbour, Dubai, United Arab Emirates",25.20944899,55.343955
Dubai,2026-10-03,2026-10-04,2026-09-03 10:26:40,29,1,Mercure Dubai Gold District,https://www.booking.com/hotel/ae/days-by-wyndham-dubai-deira.html,days-by-wyndham-dubai-deira,75.0,4.3175,75.0,0.0,20.0,3.0,8.3,3851,Very Good,9.4,"Beach & Coast, Dubai (Deira)",0,0,0,0,0,0,1,0,None,Hotel,,,,,,,,1.0,1.0,1.0,1.0,1.0,1.0,1.0,1.0,"One Deira Plaza Gold Souk Metro Station Al Corniche - 111 , 119303 Dubai, United Arab Emirates",25.27578857,55.30132975
Dubai,2026-10-03,2026-10-04,2026-09-03 10:26:40,29,1,Grand Bellevue Hotel Apartment Dubai,https://www.booking.com/hotel/ae/grand-belle-vue-apartment-dubai.html,grand-belle-vue-apartment-dubai,70.0,4.2485,70.0,0.0,21.0,4.0,7.3,501,Good,14.8,"Barsha Heights (Tecom) , Dubai",0,1,0,0,0,0,0,0,None,Apartment,,,,,,,,1.0,1.0,1.0,1.0,1.0,1.0,1.0,1.0,"Tecom, Barsha Heights (Tecom) , Dubai, United Arab Emirates",25.09456721,55.1757592
Dubai,2026-10-03,2026-10-04,2026-09-03 10:26:40,29,1,LEGOLAND Hotel Dubai,https://www.booking.com/hotel/ae/legoland-dubai.html,legoland-dubai,107.0,4.6728,107.0,0.0,41.0,4.0,7.9,6625,Good,40.7,"Dubai World Central, Dubai",1,1,0,0,0,0,1,0,None,Hotel,,,,,,,,1.0,1.0,1.0,1.0,1.0,1.0,1.0,1.0,"Dubai Parks and Resorts, Dubai World Central, Dubai, United Arab Emirates",24.91754366,55.00938537
Dubai,2026-10-03,2026-10-04,2026-09-03 10:26:40,29,1,Premier Inn Dubai Silicon Oasis - An Emirates Group Company,https://www.booking.com/hotel/ae/premier-inn-dubai-silicon-oasis.html,premier-inn-dubai-silicon-oasis,53.0,3.9703,53.0,0.0,15.0,3.0,8.5,4044,Very Good,13.0,"Dubai Silicon Oasis, Dubai",0,0,0,0,0,0,0,0,None,Hotel,,,,,,,,1.0,1.0,1.0,1.0,1.0,1.0,1.0,1.0,"Dubai Silicon Oasis, Dubai Silicon Oasis, Dubai, United Arab Emirates",25.12290588,55.37438214
Dubai,2026-10-03,2026-10-04,2026-09-03 10:26:40,29,1,Citymax Hotel Al Barsha at the Mall,https://www.booking.com/hotel/ae/citymax-al-barsha.html,citymax-al-barsha,123.0,4.8122,123.0,0.0,30.0,3.0,8.1,6897,Very Good,11.2,"Al Barsha, Dubai",0,1,0,0,0,0,0,0,None,Hotel,,,,,,,,1.0,1.0,1.0,1.0,1.0,1.0,1.0,1.0,"Al Barsha, Al Barsha, Dubai, United Arab Emirates",25.11557654,55.20380706
Dubai,2026-10-03,2026-10-04,2026-09-03 10:26:40,29,1,Paramount Hotel Midtown,https://www.booking.com/hotel/ae/paramount-midtown.html,paramount-midtown,152.0,5.0239,152.0,0.0,40.0,5.0,8.8,5822,Standard,0.7,"Business Bay, Dubai",0,1,0,0,0,0,0,0,None,Hotel,,,,,,,,1.0,1.0,1.0,1.0,1.0,1.0,1.0,1.0,"Al Mustaqbal Street, Dubai, United Arab Emirates",25.19400631,55.26579463
Dubai,2026-10-03,2026-10-04,2026-09-03 10:26:40,29,1,Address Montgomerie,https://www.booking.com/hotel/ae/the-montgomerie-dubai.html,the-montgomerie-dubai,217.0,5.3799,217.0,0.0,54.0,5.0,8.5,306,Very Good,18.1,"Emirates Hills, Dubai",0,0,0,0,0,0,0,0,None,Hotel,,,,,,,,1.0,1.0,1.0,1.0,1.0,1.0,1.0,1.0,"Emirates Hills PO Box 36700, Emirates Hills, Dubai, United Arab Emirates",25.06744406,55.16176075
Dubai,2026-10-03,2026-10-04,2026-09-03 10:26:40,29,1,Riu Dubai Beach Resort - All Inclusive,https://www.booking.com/hotel/ae/riu-dubai-all-inclusive.html,riu-dubai-all-inclusive,241.0,5.4848,241.0,0.0,58.0,4.0,8.2,2891,Very Good,12.2,"Beach & Coast, Dubai (Beach & Coast)",0,0,0,0,0,0,1,0,None,Resort,,,,,,,,1.0,1.0,1.0,1.0,1.0,1.0,1.0,1.0,"Deira Islands, Dubai, United Arab Emirates",25.30061198,55.30681006
Dubai,2026-10-03,2026-10-04,2026-09-03 10:26:40,29,1,SLS Dubai Hotel & Residences,https://www.booking.com/hotel/ae/sls-dubai-residences.html,sls-dubai-residences,257.0,5.5491,257.0,0.0,63.0,5.0,8.9,3711,Standard,2.3,"Business Bay, Dubai",0,1,0,0,0,0,0,0,None,Hotel,,,,,,,,1.0,1.0,1.0,1.0,1.0,1.0,1.0,1.0,"Marsi Drive Business Bay, Dubai, United Arab Emirates",25.18470411,55.29245079
Dubai,2026-10-03,2026-10-04,2026-09-03 10:26:40,29,1,Vida Dubai Marina & Yacht Club,https://www.booking.com/hotel/ae/vida-dubai-marina-yacht-club.html,vida-dubai-marina-yacht-club,162.0,5.0876,162.0,0.0,41.0,4.0,9.3,3620,Wonderful,19.4,"Dubai Marina, Dubai (Sheikh Zayed Road)",0,1,0,0,0,0,1,0,None,Hotel,,,,,,,,1.0,1.0,1.0,1.0,1.0,1.0,1.0,1.0,"Al Hubob Street Dubai Marina, Dubai Marina, Dubai, United Arab Emirates",25.07226747,55.13586098
Dubai,2026-10-03,2026-10-04,2026-09-03 10:26:40,29,1,Address Beach Resort,https://www.booking.com/hotel/ae/address-jumeirah-resort.html,address-jumeirah-resort,486.0,6.1862,486.0,0.0,115.0,5.0,9.4,3131,Wonderful,20.1,"Beach & Coast, Dubai (Beach & Coast)",0,1,0,0,1,0,1,0,None,Resort,,,,,,,,1.0,1.0,1.0,1.0,1.0,1.0,1.0,1.0,"The Walk Jumeirah Beach Residences, Dubai, United Arab Emirates",25.07234148,55.12672832
Dubai,2026-10-03,2026-10-04,2026-09-03 10:26:40,29,1,Premier Inn Dubai International Airport - An Emirates Group Company,https://www.booking.com/hotel/ae/premier-inn-dubai-international-airport.html,premier-inn-dubai-international-airport,45.0,3.8067,45.0,0.0,13.0,3.0,8.7,22937,Standard,10.2,"Garhoud, Dubai",0,0,0,0,0,0,1,0,None,Hotel,,,,,,,,1.0,1.0,1.0,1.0,1.0,1.0,1.0,1.0,"52B Street, Opposite Terminal 3, Garhoud, Dubai, United Arab Emirates",25.24310203,55.35890579
Dubai,2026-10-03,2026-10-04,2026-09-03 10:26:40,29,1,Two Seasons Hotel & Apartments,https://www.booking.com/hotel/ae/gloria.html,gloria,130.0,4.8675,130.0,0.0,33.0,4.0,8.2,3239,Very Good,14.4,"Dubai Internet City, Dubai (Sheikh Zayed Road)",0,0,0,0,0,0,1,0,None,Apartment,,,,,,,,1.0,1.0,1.0,1.0,1.0,1.0,1.0,1.0,"Sheikh Zayed Road, Dubai Internet City, Dubai, United Arab Emirates",25.10263619,55.17250299
Dubai,2026-10-03,2026-10-04,2026-09-03 10:26:40,29,1,Millennium Place Mirdif Hotel,https://www.booking.com/hotel/ae/millennium-place-mirdif-dubai12345.html,millennium-place-mirdif-dubai12345,95.0,4.5539,95.0,0.0,27.0,4.0,8.4,3882,Very Good,17.3,Dubai,0,1,0,0,0,0,1,0,None,Hotel,,,,,,,,1.0,1.0,1.0,1.0,1.0,1.0,1.0,1.0,"78th street Mirdif Hills, Dubai, United Arab Emirates",25.226125,55.441351
Dubai,2026-10-03,2026-10-04,2026-09-03 10:26:40,29,1,InterContinental Dubai Marina by IHG,https://www.booking.com/hotel/ae/intercontinental-dubai-marina.html,intercontinental-dubai-marina,179.0,5.1874,179.0,0.0,46.0,5.0,9.1,2063,Wonderful,18.8,"Dubai Marina, Dubai (Beach & Coast)",0,1,0,0,0,0,1,0,None,Hotel,,,,,,,,1.0,1.0,1.0,1.0,1.0,1.0,1.0,1.0,"Bay Central, Dubai Marina, Dubai Marina, 393080 Dubai, United Arab Emirates",25.078611,55.137779
Dubai,2026-10-03,2026-10-04,2026-09-03 10:26:40,29,1,MOUNT SINA HOTEL By AURA,https://www.booking.com/hotel/ae/mount-sina.html,mount-sina,27.0,3.2958,27.0,0.0,8.0,1.0,4.4,531,Standard,8.8,"Dubai Creek, Dubai (Deira)",0,0,0,0,0,0,1,0,None,Hotel,,,,,,,,1.0,1.0,1.0,1.0,1.0,1.0,1.0,1.0,"Al Sabkha Road, Dubai, United Arab Emirates",25.269223,55.30316502
Dubai,2026-10-03,2026-10-04,2026-09-03 10:26:40,29,1,Premier Inn Dubai Investments Park - An Emirates Group Company,https://www.booking.com/hotel/ae/premier-inn-dubai-investments-park.html,premier-inn-dubai-investments-park,48.0,3.8712,48.0,0.0,14.0,3.0,8.4,3837,Very Good,23.8,"Dubai Investment Park, Dubai",0,0,0,0,0,0,0,0,None,Hotel,,,,,,,,1.0,1.0,1.0,1.0,1.0,1.0,1.0,1.0,"Dubai Investment Park, Dubai Investment Park, Dubai, United Arab Emirates",25.00816035,55.15673965
Dubai,2026-10-03,2026-10-04,2026-09-03 10:26:40,29,1,"Arabian Park Dubai, an Edge by Rotana Hotel",https://www.booking.com/hotel/ae/arabian-park.html,arabian-park,79.0,4.3694,79.0,0.0,20.0,3.0,8.7,3969,Standard,6.2,"Jadaf, Dubai (Bur Dubai)",0,1,0,0,0,0,0,0,None,Hotel,,,,,,,,1.0,1.0,1.0,1.0,1.0,1.0,1.0,1.0,"Al Jadaf Area, Oud Metha Road, Dubai, United Arab Emirates",25.22054229,55.32782704
Dubai,2026-10-03,2026-10-04,2026-09-03 10:26:40,29,1,FORTUNE ATRIUM HOTEL,https://www.booking.com/hotel/ae/fortune-atrium.html,fortune-atrium,59.0,4.0775,59.0,0.0,17.0,4.0,7.7,1194,Good,7.3,"Al Karama, Dubai (Bur Dubai)",0,0,0,0,0,0,0,0,None,Hotel,,,,,,,,1.0,1.0,1.0,1.0,1.0,1.0,1.0,1.0,"Khalid Bin Al Waleed Road Building No: 318-135, Dubai, United Arab Emirates",25.2500518,55.31190448
Dubai,2026-10-03,2026-10-04,2026-09-03 10:26:40,29,1,"Address Sky View, Downtown Dubai",https://www.booking.com/hotel/ae/address-sky-view.html,address-sky-view,486.0,6.1862,486.0,0.0,115.0,5.0,9.0,2982,Wonderful,0.8,"Downtown Dubai, Dubai (Sheikh Zayed Road)",0,0,0,0,1,0,1,0,None,Hotel,,,,,,,,1.0,1.0,1.0,1.0,1.0,1.0,1.0,1.0,"Sheikh Mohammed Bin Rashed Boulevard, P.O Box 111969 , Downtown Dubai, Dubai, United Arab Emirates",25.20181344,55.27066088
Dubai,2026-10-03,2026-10-04,2026-09-03 10:26:40,29,1,Crowne Plaza Dubai Festival City,https://www.booking.com/hotel/ae/crowne-plaza-dubai-festival-city.html,crowne-plaza-dubai-festival-city,190.0,5.247,190.0,0.0,48.0,5.0,8.7,4933,Standard,8.3,"Dubai Festival City, Dubai (Dubai Creek)",0,0,0,0,0,0,0,0,None,Hotel,,,,,,,,1.0,1.0,1.0,1.0,1.0,1.0,1.0,1.0,"Po Box 7185 Dubai, Dubai Festival City, Dubai, United Arab Emirates",25.22394666,55.34933031
Dubai,2026-10-03,2026-10-04,2026-09-03 10:26:40,29,1,Vida Creek Beach Hotel,https://www.booking.com/hotel/ae/vida-creek-beach.html,vida-creek-beach,184.0,5.2149,184.0,0.0,45.0,4.0,9.3,2253,Wonderful,7.8,"Dubai Creek, Dubai (Dubai Creek)",0,1,0,0,0,0,1,0,None,Hotel,,,,,,,,1.0,1.0,1.0,1.0,1.0,1.0,1.0,1.0,"Dubai Creek Harbour, Dubai, United Arab Emirates",25.20351755,55.34921197
Dubai,2026-10-03,2026-10-04,2026-09-03 10:26:40,29,1,C Central Hotel and Resort The Palm,https://www.booking.com/hotel/ae/c-central-resort.html,c-central-resort,142.0,4.9558,142.0,0.0,37.0,5.0,8.5,7042,Very Good,14.6,"Palm Jumeirah, Dubai (Beach & Coast)",0,1,1,0,0,0,1,0,None,Resort,,,,,,,,1.0,1.0,1.0,1.0,1.0,1.0,1.0,1.0,"Palm Islands East Crescent Road, Palm Jumeirah, Dubai, United Arab Emirates",25.13920856,55.14147418
Dubai,2026-10-03,2026-10-04,2026-09-03 10:26:40,29,1,Ibis Styles Dubai Jumeira,https://www.booking.com/hotel/ae/ibis-styles-dubai-jumeira.html,ibis-styles-dubai-jumeira,111.0,4.7095,111.0,0.0,28.0,3.0,7.7,3657,Good,5.0,"Beach & Coast, Dubai (Beach & Coast)",0,0,0,0,0,0,1,0,None,Hotel,,,,,,,,1.0,1.0,1.0,1.0,1.0,1.0,1.0,1.0,"2nd December Street, Al Mina Road, Bur Dubai, Dubai, United Arab Emirates",25.24054844,55.27302602
Dubai,2026-10-03,2026-10-04,2026-09-03 10:26:40,29,1,Landmark Grand Hotel,https://www.booking.com/hotel/ae/landmark-grand.html,landmark-grand,54.0,3.989,54.0,0.0,16.0,4.0,8.1,2229,Very Good,9.0,"Deira, Dubai (Deira)",0,0,0,0,0,0,1,0,None,Hotel,,,,,,,,1.0,1.0,1.0,1.0,1.0,1.0,1.0,1.0,"Al Riqqa Street, Opposite Al Ghurair Shopping mall, Dubai, United Arab Emirates",25.26556541,55.3170459
Dubai,2026-10-03,2026-10-04,2026-09-03 10:26:40,29,1,Donatello Hotel,https://www.booking.com/hotel/ae/donatello-hotel-dubai.html,donatello-hotel-dubai,89.0,4.4886,89.0,0.0,28.0,4.0,8.3,2426,Very Good,11.9,"Al Barsha, Dubai (Sheikh Zayed Road)",0,1,0,0,0,0,1,0,None,Hotel,,,,,,,,1.0,1.0,1.0,1.0,1.0,1.0,1.0,1.0,"Al Barsha, Al Barsha, Dubai, United Arab Emirates",25.11550611,55.19390568
Dubai,2026-10-03,2026-10-04,2026-09-03 10:26:40,29,1,Royal Falcon Hotel,https://www.booking.com/hotel/ae/royal-falcon-deira-dubai.html,royal-falcon-deira-dubai,47.0,3.8501,47.0,0.0,13.0,3.0,5.9,619,Standard,9.6,"Deira, Dubai (Deira)",0,1,0,0,0,0,1,0,None,Hotel,,,,,,,,1.0,1.0,1.0,1.0,1.0,1.0,1.0,1.0,"Salahuddin Street, Dubai, United Arab Emirates",25.27059848,55.3199172
Dubai,2026-10-03,2026-10-04,2026-09-03 10:26:40,29,1,Premier Inn Dubai Al Jaddaf - An Emirates Group Company,https://www.booking.com/hotel/ae/premier-inn-dubai-al-jaddaf.html,premier-inn-dubai-al-jaddaf,47.0,3.8501,47.0,0.0,10.0,3.0,8.3,8131,Very Good,6.6,"Jadaf, Dubai (Bur Dubai)",0,0,0,0,0,0,1,0,None,Hotel,,,,,,,,1.0,1.0,1.0,1.0,1.0,1.0,1.0,1.0,"Culture Village Al Jaddaf, Dubai, United Arab Emirates",25.22174627,55.33186997
Dubai,2026-10-03,2026-10-04,2026-09-03 10:26:40,29,1,"Th8 Palm Dubai Beach Resort, Vignette Collection by IHG",https://www.booking.com/hotel/ae/th8.html,th8,194.0,5.2679,194.0,0.0,49.0,5.0,8.4,2454,Very Good,18.5,"Palm Jumeirah, Dubai (Beach & Coast)",0,0,0,0,0,0,1,0,None,Resort,,,,,,,,1.0,1.0,1.0,1.0,1.0,1.0,1.0,1.0,"West Crescent, Palm Jumeirah, null Dubai, United Arab Emirates",25.11798448,55.10995055
Dubai,2026-10-03,2026-10-04,2026-09-03 10:26:40,29,1,"The First Collection Dubai Jumeirah Village Circle, a Tribute Portfolio Hotel",https://www.booking.com/hotel/ae/the-first-collection-jumeirah-village-dubai.html,the-first-collection-jumeirah-village-dubai,143.0,4.9628,143.0,0.0,36.0,4.0,8.6,5810,Standard,17.1,Dubai,0,1,0,0,0,0,1,0,None,Villa,,,,,,,,1.0,1.0,1.0,1.0,1.0,1.0,1.0,1.0,"JVC - Jumeirah Village - Dubai, Dubai, United Arab Emirates",25.05442924,55.20534023
Dubai,2026-10-03,2026-10-04,2026-09-03 10:26:40,29,1,Wescott Hotel,https://www.booking.com/hotel/ae/wescott-dubai.html,wescott-dubai,56.0,4.0254,56.0,0.0,15.0,0.0,7.5,1839,Good,7.7,"Beach & Coast, Dubai (Bur Dubai)",0,0,0,0,0,0,1,0,None,Hotel,,,,,,,,1.0,1.0,1.0,1.0,1.0,1.0,1.0,1.0,"Al Raffa Plaza, Al Suq Al Kabeer, Dubai, United Arab Emirates",25.26306527,55.28961747
Dubai,2026-10-03,2026-10-04,2026-09-03 10:26:40,29,1,Paramount Hotel Dubai,https://www.booking.com/hotel/ae/paramount-dubai.html,paramount-dubai,108.0,4.6821,108.0,0.0,30.0,5.0,8.6,9161,Standard,2.2,"Business Bay, Dubai",0,1,0,0,0,0,0,0,None,Hotel,,,,,,,,1.0,1.0,1.0,1.0,1.0,1.0,1.0,1.0,"Marasi Drive, Dubai, United Arab Emirates",25.186456,55.29197549
Dubai,2026-10-03,2026-10-04,2026-09-03 10:26:40,29,1,Le Royal Meridien Beach Resort & Spa Dubai,https://www.booking.com/hotel/ae/le-royal-meridien-beach-resort-spa-dubai.html,le-royal-meridien-beach-resort-spa-dubai,231.0,5.4424,231.0,0.0,58.0,5.0,9.3,1381,Wonderful,18.1,"Jumeirah Beach Residence, Dubai (Beach & Coast)",0,1,0,0,0,0,1,0,None,Resort,,,,,,,,1.0,1.0,1.0,1.0,1.0,1.0,1.0,1.0,"Al Mamsha Street, Jumeirah Beach Residence, Dubai, United Arab Emirates",25.08427983,55.14081001
Dubai,2026-10-03,2026-10-04,2026-09-03 10:26:40,29,1,W Dubai - The Palm,https://www.booking.com/hotel/ae/w-dubai-the-palm.html,w-dubai-the-palm,278.0,5.6276,278.0,0.0,68.0,5.0,8.7,1773,Standard,19.0,"Palm Jumeirah, Dubai (Beach & Coast)",0,0,0,0,0,0,1,0,None,Hotel,,,,,,,,1.0,1.0,1.0,1.0,1.0,1.0,1.0,1.0," West Crescent, Palm Jumeirah, Palm Jumeirah, Dubai, United Arab Emirates",25.106338,55.11117
Dubai,2026-10-03,2026-10-04,2026-09-03 10:26:40,29,1,Centara Mirage Beach Resort Dubai,https://www.booking.com/hotel/ae/centara-mirage-beach-resort-dubai.html,centara-mirage-beach-resort-dubai,209.0,5.3423,209.0,0.0,51.0,4.0,8.3,7676,Very Good,12.2,"Beach & Coast, Dubai (Beach & Coast)",0,0,0,0,0,0,1,0,None,Resort,,,,,,,,1.0,1.0,1.0,1.0,1.0,1.0,1.0,1.0,"Dubai Islands, Dubai, United Arab Emirates",25.30066048,55.30422977
Dubai,2026-10-03,2026-10-04,2026-09-03 10:26:40,29,1,Capitol Hotel Jumeirah Dubai,https://www.booking.com/hotel/ae/capitol.html,capitol,88.0,4.4773,88.0,0.0,24.0,4.0,6.9,1628,Standard,5.2,"Beach & Coast, Dubai (Beach & Coast)",0,1,0,0,0,0,1,0,None,Hotel,,,,,,,,1.0,1.0,1.0,1.0,1.0,1.0,1.0,1.0,"Al Mina Road, Dubai, United Arab Emirates",25.2419642,55.27519941
Dubai,2026-10-03,2026-10-04,2026-09-03 10:26:40,29,1,Premier Inn Dubai Barsha Heights,https://www.booking.com/hotel/ae/premier-inn-dubai-barsha-heights.html,premier-inn-dubai-barsha-heights,52.0,3.9512,52.0,0.0,14.0,3.0,8.7,5985,Standard,14.3,"Barsha Heights (Tecom) , Dubai",0,0,0,0,0,0,0,0,None,Hotel,,,,,,,,1.0,1.0,1.0,1.0,1.0,1.0,1.0,1.0,"Al Khareef 2 Street - Barsha Heights - Dubai - United Arab Emirates, Barsha Heights (Tecom) , Dubai, United Arab Emirates",25.097575,55.180103
Dubai,2026-10-03,2026-10-04,2026-09-03 10:26:40,29,1,Conrad Dubai,https://www.booking.com/hotel/ae/condard-dubai.html,condard-dubai,204.0,5.3181,204.0,0.0,51.0,5.0,9.1,2057,Wonderful,3.6,"Trade Center Area, Dubai (Sheikh Zayed Road)",0,0,0,0,0,0,1,0,None,Hotel,,,,,,,,1.0,1.0,1.0,1.0,1.0,1.0,1.0,1.0," Sheikh Zayed Road, Trade Center Area, Dubai, United Arab Emirates",25.22571068,55.28412849
Dubai,2026-10-03,2026-10-04,2026-09-03 10:26:40,29,1,Sofitel Dubai The Obelisk,https://www.booking.com/hotel/ae/sofitel-dubai-wafi.html,sofitel-dubai-wafi,203.0,5.3132,203.0,0.0,51.0,5.0,9.1,7643,Wonderful,6.1,"Bur Dubai, Dubai (Bur Dubai)",1,1,0,0,0,0,1,0,None,Hotel,,,,,,,,1.0,1.0,1.0,1.0,1.0,1.0,1.0,1.0,"Sheikh Rashid Road Wafi P.O. Box 30904, Dubai, United Arab Emirates",25.23115,55.318746
Dubai,2026-10-03,2026-10-04,2026-09-03 10:26:40,29,1,The St. Regis Downtown Dubai,https://www.booking.com/hotel/ae/st-regis-dubai-downtown.html,st-regis-dubai-downtown,406.0,6.0064,406.0,0.0,97.0,5.0,9.1,2812,Wonderful,1.0,"Business Bay, Dubai",0,1,0,0,0,0,0,0,None,Hotel,,,,,,,,1.0,1.0,1.0,1.0,1.0,1.0,1.0,1.0,"Marasi Drive, Business Bay, Dubai, United Arab Emirates",25.185947,55.273751
Dubai,2026-10-03,2026-10-04,2026-09-03 10:26:40,29,1,Studio at The Palm Tower - Palm Jumeirah,https://www.booking.com/hotel/ae/studio-at-the-palm-tower-palm-jumeirah.html,studio-at-the-palm-tower-palm-jumeirah,118.0,4.7707,118.0,0.0,57.0,0.0,5.5,2,Standard,16.1,"Palm Jumeirah, Dubai (Beach & Coast)",0,0,0,0,0,0,1,0,None,Apartment,,,,,,,,1.0,1.0,1.0,1.0,1.0,1.0,1.0,1.0,"The Palm Tower, Palm Jumeirah Floor 18, Studio, Dubai, United Arab Emirates",25.1137853,55.1399566
Dubai,2026-10-03,2026-10-04,2026-09-03 10:26:40,29,1,Moscow Hotel,https://www.booking.com/hotel/ae/moscow.html,moscow,72.0,4.2767,72.0,0.0,20.0,4.0,7.4,1949,Good,8.8,"Dubai Creek, Dubai (Deira)",1,1,0,0,0,0,1,0,None,Hotel,,,,,,,,1.0,1.0,1.0,1.0,1.0,1.0,1.0,1.0,"Al Maktoum Street, Dubai, United Arab Emirates",25.25940902,55.32303661
Dubai,2026-10-03,2026-10-04,2026-09-03 10:26:40,29,1,ibis Dubai One Central,https://www.booking.com/hotel/ae/ibis-one-central.html,ibis-one-central,78.0,4.3567,78.0,0.0,20.0,3.0,8.1,5597,Very Good,3.2,"Trade Center Area, Dubai (Sheikh Zayed Road)",0,0,0,0,0,0,1,0,None,Hotel,,,,,,,,1.0,1.0,1.0,1.0,1.0,1.0,1.0,1.0,"Trade Centre District, Trade Center Area, 9914 Dubai, United Arab Emirates",25.22157395,55.28611354
Dubai,2026-10-03,2026-10-04,2026-09-03 10:26:40,29,1,FIVE Palm Jumeirah Dubai,https://www.booking.com/hotel/ae/five-palm-jumeirah-dubai.html,five-palm-jumeirah-dubai,278.0,5.6276,278.0,0.0,68.0,5.0,9.0,20824,Wonderful,16.1,"Palm Jumeirah, Dubai (Beach & Coast)",0,1,0,0,0,0,1,0,None,Hotel,,,,,,,,1.0,1.0,1.0,1.0,1.0,1.0,1.0,1.0,"Palm Jumeirah, Palm Jumeirah, Dubai, United Arab Emirates",25.1041934,55.14850477
Dubai,2026-10-03,2026-10-04,2026-09-03 10:26:40,29,1,FIVE LUXE,https://www.booking.com/hotel/ae/five-luxe-llc.html,five-luxe-llc,429.0,6.0615,429.0,0.0,102.0,5.0,9.3,11039,Wonderful,18.7,"Jumeirah Beach Residence, Dubai (Beach & Coast)",0,0,0,0,0,0,1,0,None,Hotel,,,,,,,,1.0,1.0,1.0,1.0,1.0,1.0,1.0,1.0,"Beach Walk, Jumeirah Beach Residence, Dubai, United Arab Emirates",25.0815475,55.13630901
London,2026-10-03,2026-10-04,2026-09-03 10:27:56,29,1,Lancaster Gate Hotel,https://www.booking.com/hotel/gb/lancaster-gate.html,lancaster-gate,263.0,5.5722,263.0,0.0,,3.0,7.2,9367,Good,3.8,"Westminster Borough, London",0,0,0,0,0,0,1,0,None,Hotel,,,,,,,,1.0,0.0,0.0,0.0,0.0,0.0,0.0,1.0,,,
London,2026-10-03,2026-10-04,2026-09-03 10:27:56,29,1,"Radisson Blu Hotel, London Bloomsbury",https://www.booking.com/hotel/gb/radissonblubloomsbury.html,radissonblubloomsbury,450.0,6.1092,450.0,0.0,,4.0,8.0,4454,Very Good,1.1,"Camden, London",0,0,0,0,0,0,1,0,None,Hotel,,,,,,,,1.0,0.0,0.0,0.0,0.0,0.0,0.0,1.0,,,
London,2026-10-03,2026-10-04,2026-09-03 10:27:56,29,1,Safestay London Elephant & Castle,https://www.booking.com/hotel/gb/safestay.html,safestay,144.0,4.9698,144.0,0.0,,4.0,7.2,6268,Good,2.8,"Southwark, London",0,0,0,0,0,0,0,0,None,Hotel,,,,,,,,1.0,0.0,0.0,0.0,0.0,0.0,0.0,1.0,,,
London,2026-10-03,2026-10-04,2026-09-03 10:27:56,29,1,Leman Locke,https://www.booking.com/hotel/gb/leman-locke.html,leman-locke,266.0,5.5835,266.0,0.0,,4.0,8.2,981,Very Good,4.0,"Tower Hamlets, London",0,0,0,0,0,0,1,0,None,Apartment,,,,,,,,0.0,0.0,0.0,0.0,0.0,0.0,0.0,1.0,,,
London,2026-10-03,2026-10-04,2026-09-03 10:27:56,29,1,The Belgrave Hotel,https://www.booking.com/hotel/gb/the-belgrave.html,the-belgrave,353.0,5.8665,353.0,0.0,,4.0,8.6,3760,Standard,2.1,"Westminster Borough, London",0,0,0,0,0,0,1,0,None,Hotel,,,,,,,,1.0,1.0,1.0,1.0,1.0,1.0,1.0,1.0,"80-86 Belgrave Road, Westminster Borough, London, SW1V 2BJ, United Kingdom",51.49009819,-0.13798892
London,2026-10-03,2026-10-04,2026-09-03 10:27:56,29,1,Riu Plaza London Victoria,https://www.booking.com/hotel/gb/riu-plaza-london-victoria.html,riu-plaza-london-victoria,426.0,6.0544,426.0,0.0,,4.0,8.6,15690,Standard,1.7,"Westminster Borough, London",1,0,0,0,0,0,1,0,None,Hotel,,,,,,,,1.0,1.0,1.0,1.0,1.0,1.0,1.0,1.0,"1 Neathouse Place, Westminster Borough, London, SW1V 1LH, United Kingdom",51.494702,-0.142
London,2026-10-03,2026-10-04,2026-09-03 10:27:56,29,1,ibis London City - Shoreditch,https://www.booking.com/hotel/gb/ibis-london-city.html,ibis-london-city,297.0,5.6937,297.0,0.0,,3.0,8.2,6529,Very Good,3.9,"Tower Hamlets, London",0,0,0,0,0,0,1,0,None,Hotel,,,,,,,,1.0,1.0,1.0,1.0,1.0,1.0,1.0,1.0,"5 Commercial Street, Tower Hamlets, London, E1 6BF, United Kingdom",51.51562986,-0.07230163
London,2026-10-03,2026-10-04,2026-09-03 10:27:56,29,1,Royal National Hotel,https://www.booking.com/hotel/gb/royal-national.html,royal-national,298.0,5.6971,298.0,0.0,,3.0,7.8,19556,Good,1.8,"Camden, London",0,0,0,0,0,0,1,0,None,Hotel,,,,,,,,1.0,1.0,1.0,1.0,1.0,1.0,1.0,1.0,"38-51 Bedford Way, Camden, London, WC1H 0DG, United Kingdom",51.523468,-0.127314
London,2026-10-03,2026-10-04,2026-09-03 10:27:56,29,1,hub London - Paddington,https://www.booking.com/hotel/gb/hub-london-paddington.html,hub-london-paddington,267.0,5.5872,267.0,0.0,,3.0,8.0,60,Very Good,3.6,"Westminster Borough, London",0,0,0,0,0,0,1,0,None,Hotel,,,,,,,,1.0,1.0,1.0,1.0,1.0,1.0,1.0,1.0,"40 Eastbourne Terrace, London, W2 6LG, United Kingdom",51.51585,-0.177764
London,2026-10-03,2026-10-04,2026-09-03 10:27:56,29,1,hub London - Covent Garden,https://www.booking.com/hotel/gb/hub-london-covent-garden.html,hub-london-covent-garden,362.0,5.8916,362.0,0.0,,3.0,8.0,30,Very Good,0.3,"Westminster Borough, London",0,1,0,0,0,0,1,0,None,Hotel,,,,,,,,1.0,1.0,1.0,1.0,1.0,1.0,1.0,1.0,"110 Saint Martin's Lane, London, WC2N 4BA, United Kingdom",51.5100119,-0.1273423
London,2026-10-03,2026-10-04,2026-09-03 10:27:56,29,1,hub London Tottenham Court Road - Goodge Street,https://www.booking.com/hotel/gb/hub-london-goodge-street.html,hub-london-goodge-street,297.0,5.6937,297.0,0.0,,3.0,8.1,213,Very Good,1.7,"Camden, London",0,0,0,0,0,0,1,0,None,Hotel,,,,,,,,1.0,1.0,1.0,1.0,1.0,1.0,1.0,1.0,"Torrington Place, London, WC1E 7HN, United Kingdom",51.5223641,-0.1328475
London,2026-10-03,2026-10-04,2026-09-03 10:27:56,29,1,Novotel London Bridge,https://www.booking.com/hotel/gb/novotellondonctiysouth.html,novotellondonctiysouth,354.0,5.8693,354.0,0.0,,4.0,8.6,3521,Standard,2.3,"Southwark, London",0,0,0,0,0,0,1,0,None,Hotel,,,,,,,,1.0,1.0,1.0,1.0,1.0,1.0,1.0,1.0,"53 - 61 Southwark Bridge Road, Southwark, London, SE1 9HH, United Kingdom",51.50544362,-0.09516478
London,2026-10-03,2026-10-04,2026-09-03 10:27:56,29,1,GuestReady - The Crescent,https://www.booking.com/hotel/gb/guestready-crescent.html,guestready-crescent,528.0,6.2691,528.0,0.0,,3.0,7.9,61,Good,2.1,"Camden, London",0,0,0,0,0,0,1,0,None,Hotel,,,,,,,,1.0,1.0,1.0,1.0,1.0,1.0,1.0,1.0,"Crescent Hotel, London, WC1H 9EL, United Kingdom",51.5263754,-0.1271394
London,2026-10-03,2026-10-04,2026-09-03 10:27:56,29,1,Aparthotel Adagio London City East,https://www.booking.com/hotel/gb/aparthotel-adagio-london-city-east.html,aparthotel-adagio-london-city-east,325.0,5.7838,325.0,0.0,,4.0,8.8,657,Standard,4.5,"Tower Hamlets, London",0,0,0,0,0,0,1,0,None,Hotel,,,,,,,,1.0,1.0,1.0,1.0,1.0,1.0,1.0,1.0,"100 WHITECHAPEL ROAD, Tower Hamlets, London, E11JG, United Kingdom",51.517457,-0.064789
London,2026-10-03,2026-10-04,2026-09-03 10:27:56,29,1,Chelsea stylish one bed on iconic Kings Rd,https://www.booking.com/hotel/gb/chelsea-stylish-one-bed-on-iconic-kings-rd.html,chelsea-stylish-one-bed-on-iconic-kings-rd,371.0,5.9162,371.0,0.0,203.0,0.0,,0,No reviews,3.4,"Kensington and Chelsea, London",0,0,0,0,0,0,0,0,None,Apartment,,,,,,,,1.0,1.0,1.0,1.0,1.0,1.0,1.0,1.0,"180 King's Road, SW3 5XS, London, SW3 5XS, United Kingdom",51.4885687,-0.1664942
London,2026-10-03,2026-10-04,2026-09-03 10:27:56,29,1,Riu Plaza London The Westminster,https://www.booking.com/hotel/gb/cityinnwestminster.html,cityinnwestminster,426.0,6.0544,426.0,0.0,,4.0,8.5,8401,Very Good,1.6,"Westminster Borough, London",1,0,0,0,0,0,0,0,None,Hotel,,,,,,,,1.0,1.0,1.0,1.0,1.0,1.0,1.0,1.0,"30 John Islip St, Westminster Borough, London, SW1P 4DD, United Kingdom",51.49325119,-0.12713671
London,2026-10-03,2026-10-04,2026-09-03 10:27:56,29,1,hub London - Tower Bridge,https://www.booking.com/hotel/gb/hub-london-tower-bridge.html,hub-london-tower-bridge,298.0,5.6971,298.0,0.0,,3.0,8.5,48,Very Good,3.2,"City of London, London",0,0,0,0,0,0,1,0,None,Hotel,,,,,,,,1.0,1.0,1.0,1.0,1.0,1.0,1.0,1.0,"28 Great Tower Street, London, EC3R 5AT, United Kingdom",51.509401,-0.0810858
London,2026-10-03,2026-10-04,2026-09-03 10:27:56,29,1,Sunborn London Yacht Hotel,https://www.booking.com/hotel/gb/sunborn-london.html,sunborn-london,343.0,5.8377,343.0,0.0,,4.0,8.8,6030,Standard,10.6,"Newham, London",0,0,0,0,0,0,1,0,None,Hotel,,,,,,,,1.0,1.0,1.0,1.0,1.0,1.0,1.0,1.0,"Royal Victoria Dock, Newham, London, E16 1XL, United Kingdom",51.50738545,0.02537583
London,2026-10-03,2026-10-04,2026-09-03 10:27:56,29,1,hub London - Marylebone,https://www.booking.com/hotel/gb/hub-london-marylebone.html,hub-london-marylebone,243.0,5.4931,243.0,0.0,,3.0,8.2,719,Very Good,3.0,"Westminster Borough, London",0,0,0,0,0,0,1,0,None,Hotel,,,,,,,,1.0,1.0,1.0,1.0,1.0,1.0,1.0,1.0,"Old Marylebone Road, London, NW1 5DZ, United Kingdom",51.519324,-0.1659741
London,2026-10-03,2026-10-04,2026-09-03 10:27:56,29,1,Copthorne Tara Hotel London Kensington,https://www.booking.com/hotel/gb/copthornetara.html,copthornetara,270.0,5.5984,270.0,0.0,,4.0,7.3,8284,Good,4.5,"Kensington and Chelsea, London",0,0,0,0,0,0,1,0,None,Hotel,,,,,,,,1.0,1.0,1.0,1.0,1.0,1.0,1.0,1.0,"Scarsdale Place, Kensington, Kensington and Chelsea, London, W8 5SR, United Kingdom",51.49880681,-0.19137025
London,2026-10-03,2026-10-04,2026-09-03 10:27:56,29,1,Pullman London St Pancras,https://www.booking.com/hotel/gb/bernardshawhotel.html,bernardshawhotel,434.0,6.073,434.0,0.0,,4.0,8.6,3215,Standard,2.4,"Camden, London",0,0,0,0,0,0,1,0,None,Hotel,,,,,,,,1.0,1.0,1.0,1.0,1.0,1.0,1.0,1.0,"100 - 110 Euston Road, Camden, London, NW1 2AJ, United Kingdom",51.52870737,-0.1278609
London,2026-10-03,2026-10-04,2026-09-03 10:27:56,29,1,Motel One London-Tower Hill,https://www.booking.com/hotel/gb/motel-one-london-tower-hill.html,motel-one-london-tower-hill,285.0,5.6525,285.0,0.0,,3.0,8.6,6911,Standard,3.7,"City of London, London",0,0,0,0,0,0,1,0,None,Hotel,,,,,,,,1.0,1.0,1.0,1.0,1.0,1.0,1.0,1.0,"24-26 Minories, City of London, London, EC3N 1BQ, United Kingdom",51.5126978,-0.0753938
London,2026-10-03,2026-10-04,2026-09-03 10:27:56,29,1,NOX Belsize Park,https://www.booking.com/hotel/gb/haverstock.html,haverstock,197.0,5.2832,197.0,0.0,,4.0,8.2,2023,Very Good,5.2,"Camden, London",0,0,0,0,0,0,1,0,None,Hotel,,,,,,,,1.0,1.0,1.0,1.0,1.0,1.0,1.0,1.0,"154 Haverstock Hill, Camden, London, NW3 2AY, United Kingdom",51.548814,-0.161727
London,2026-10-03,2026-10-04,2026-09-03 10:27:56,29,1,"The Derby London City, Curio Collection By Hilton",https://www.booking.com/hotel/gb/the-derby-london-city-curio-collection-by-hilton.html,the-derby-london-city-curio-collection-by-hilton,320.0,5.7683,320.0,0.0,,4.0,8.9,169,Standard,3.2,"City of London, London",0,0,0,0,0,0,1,0,None,Hotel,,,,,,,,1.0,1.0,1.0,1.0,1.0,1.0,1.0,1.0,"5-10 Great Tower Street, London, EC3R 5AA, United Kingdom",51.5101905,-0.0822056
London,2026-10-03,2026-10-04,2026-09-03 10:27:56,29,1,1 Craven Hill Gardens,https://www.booking.com/hotel/gb/nox-hotels-lancaster-gate.html,nox-hotels-lancaster-gate,213.0,5.3613,213.0,0.0,,4.0,8.4,4134,Very Good,3.8,"Westminster Borough, London",0,0,0,0,0,0,1,0,None,Hotel,,,,,,,,1.0,1.0,1.0,1.0,1.0,1.0,1.0,1.0,"1 Craven Hill Gardens, Westminster Borough, London, W2 3ES, United Kingdom",51.51195956,-0.18197575
London,2026-10-03,2026-10-04,2026-09-03 10:27:56,29,1,Cromwell Hotel,https://www.booking.com/hotel/gb/cromwell-international-hotel.html,cromwell-international-hotel,194.0,5.2679,194.0,0.0,,3.0,7.1,3001,Good,4.4,"Kensington and Chelsea, London",0,0,0,0,0,0,1,0,None,Hotel,,,,,,,,1.0,1.0,1.0,1.0,1.0,1.0,1.0,1.0,"141 Cromwell Road, Kensington and Chelsea, London, SW7 4DX, United Kingdom",51.49448778,-0.18780693
London,2026-10-03,2026-10-04,2026-09-03 10:27:56,29,1,Holiday Inn Express Southwark by IHG,https://www.booking.com/hotel/gb/expressbyholidayinnsouthwark.html,expressbyholidayinnsouthwark,327.0,5.79,327.0,0.0,,3.0,8.3,4827,Very Good,1.8,"Southwark, London",1,0,0,0,0,0,1,0,None,Hotel,,,,,,,,1.0,1.0,1.0,1.0,1.0,1.0,1.0,1.0,"103 - 109 Southwark Street, Southwark, London, SE1 0JQ, United Kingdom",51.50609973,-0.10218546
London,2026-10-03,2026-10-04,2026-09-03 10:27:56,29,1,Shakespeare Hotel,https://www.booking.com/hotel/gb/shakespeare-london.html,shakespeare-london,210.0,5.3471,210.0,0.0,,3.0,7.0,2155,Good,3.3,"Westminster Borough, London",0,0,0,0,0,0,1,0,None,Hotel,,,,,,,,1.0,1.0,1.0,1.0,1.0,1.0,1.0,1.0,"22-28 Norfolk Square, Westminster Borough, London, W2 1RS, United Kingdom",51.51597871,-0.17373472
London,2026-10-03,2026-10-04,2026-09-03 10:27:56,29,1,Fraser Place Canary Wharf,https://www.booking.com/hotel/gb/fraserplacecanarywharf.html,fraserplacecanarywharf,258.0,5.553,258.0,0.0,,4.0,8.3,2660,Very Good,8.1,"Tower Hamlets, London",0,0,0,0,0,0,1,0,None,Hotel,,,,,,,,1.0,1.0,1.0,1.0,1.0,1.0,1.0,1.0,"80 Boardwalk Place, Trafalgar Way, Tower Hamlets, London, E14 5SF, United Kingdom",51.50515312,-0.01128674
London,2026-10-03,2026-10-04,2026-09-03 10:27:56,29,1,Tower Suites by Blue Orchid,https://www.booking.com/hotel/gb/tower-suites-by-blue-orchid-london.html,tower-suites-by-blue-orchid-london,319.0,5.7652,319.0,0.0,,5.0,8.6,4952,Standard,3.6,"City of London, London",0,0,0,0,0,0,1,0,None,Hotel,,,,,,,,1.0,1.0,1.0,1.0,1.0,1.0,1.0,1.0,"100 Minories, London, City of London, London, EC3N 1JY, United Kingdom",51.510466,-0.075284
London,2026-10-03,2026-10-04,2026-09-03 10:27:56,29,1,St Paul's Hotel,https://www.booking.com/hotel/gb/st-paul.html,st-paul,337.0,5.8201,337.0,0.0,,4.0,8.8,2453,Standard,6.5,"Hammersmith and Fulham, London",0,0,0,0,0,0,1,0,None,Hotel,,,,,,,,1.0,1.0,1.0,1.0,1.0,1.0,1.0,1.0,"153 Hammersmith Road, Hammersmith and Fulham, London, W14 0QL, United Kingdom",51.49334464,-0.21830893
London,2026-10-03,2026-10-04,2026-09-03 10:27:56,29,1,Park Plaza County Hall London,https://www.booking.com/hotel/gb/park-plaza-county-hall.html,park-plaza-county-hall,340.0,5.8289,340.0,0.0,,4.0,8.6,12356,Standard,1.0,"Lambeth, London",0,0,0,0,0,0,1,0,None,Hotel,,,,,,,,1.0,1.0,1.0,1.0,1.0,1.0,1.0,1.0,"1 Addington Street, Lambeth, London, SE1 7RY, United Kingdom",51.50128133,-0.11618659
London,2026-10-03,2026-10-04,2026-09-03 10:27:56,29,1,Montrose Apartments -Tower Bridge,https://www.booking.com/hotel/gb/tower-studio.html,tower-studio,182.0,5.204,182.0,0.0,,3.0,8.7,6,Standard,5.2,"Tower Hamlets, London",0,0,0,0,0,0,0,0,None,Apartment,,,,,,,,1.0,1.0,1.0,1.0,1.0,1.0,1.0,1.0,"Wapping Wall, London, E1W 3SF, United Kingdom",51.5071797,-0.0519356
London,2026-10-03,2026-10-04,2026-09-03 10:27:56,29,1,Linden House Hotel,https://www.booking.com/hotel/gb/linden-house-london.html,linden-house-london,199.0,5.2933,199.0,0.0,,3.0,7.4,3234,Good,3.2,"Westminster Borough, London",0,0,0,0,0,0,1,0,None,Hotel,,,,,,,,1.0,1.0,1.0,1.0,1.0,1.0,1.0,1.0,"6 Sussex Place, Westminster Borough, London, W2 2TP, United Kingdom",51.51445059,-0.17301187
London,2026-10-03,2026-10-04,2026-09-03 10:27:56,29,1,Wilde Aparthotels London Aldgate Tower Bridge,https://www.booking.com/hotel/gb/wilde-aparthotels-london-aldgate-tower-bridge.html,wilde-aparthotels-london-aldgate-tower-bridge,302.0,5.7104,302.0,0.0,,4.0,8.7,3150,Standard,4.4,"Tower Hamlets, London",0,0,0,0,0,0,1,0,None,Apartment,,,,,,,,1.0,1.0,1.0,1.0,1.0,1.0,1.0,1.0,"73 Commercial Road, Tower Hamlets, London, E1 1RD, United Kingdom",51.51489347,-0.06493979
London,2026-10-03,2026-10-04,2026-09-03 10:27:56,29,1,Citadines Islington London,https://www.booking.com/hotel/gb/citadines-islington.html,citadines-islington,392.0,5.9713,392.0,0.0,,4.0,8.9,1569,Standard,3.9,"Islington, London",0,0,0,0,0,0,0,0,None,Hotel,,,,,,,,1.0,1.0,1.0,1.0,1.0,1.0,1.0,1.0,"3 Shelley Place, Islington, London, N1 1WF, United Kingdom",51.53910315,-0.10439773
London,2026-10-03,2026-10-04,2026-09-03 10:27:56,29,1,"The Marble Arch Hotel, by Thistle",https://www.booking.com/hotel/gb/thistlemarblearch.html,thistlemarblearch,374.0,5.9243,374.0,0.0,,4.0,7.7,8941,Good,2.2,"Westminster Borough, London",0,0,0,0,0,0,1,0,None,Hotel,,,,,,,,1.0,1.0,1.0,1.0,1.0,1.0,1.0,1.0,"Bryanston Street, Marble Arch, Westminster Borough, London, W1H 7EH, United Kingdom",51.51438466,-0.15661955
London,2026-10-03,2026-10-04,2026-09-03 10:27:56,29,1,Hotel AMANO Covent Garden,https://www.booking.com/hotel/gb/amano-covent-garden-greater-london1.html,amano-covent-garden-greater-london1,478.0,6.1696,478.0,0.0,,4.0,8.5,8839,Very Good,0.9,"Westminster Borough, London",0,1,0,0,0,0,1,0,None,Hotel,,,,,,,,1.0,1.0,1.0,1.0,1.0,1.0,1.0,1.0,"34-43 Russell Street, Westminster Borough, London, WC2B 5SN, United Kingdom",51.513692,-0.120383
London,2026-10-03,2026-10-04,2026-09-03 10:27:56,29,1,Quality Hotel Hampstead,https://www.booking.com/hotel/gb/qualityhotelhampstead.html,qualityhotelhampstead,309.0,5.7333,309.0,0.0,,3.0,8.3,2791,Very Good,6.0,"Camden, London",1,0,0,0,0,0,1,0,None,Hotel,,,,,,,,1.0,1.0,1.0,1.0,1.0,1.0,1.0,1.0,"5-7 Frognal, Camden, London, NW3 6AL, United Kingdom",51.54987944,-0.18098339
London,2026-10-03,2026-10-04,2026-09-03 10:27:56,29,1,Strand Palace,https://www.booking.com/hotel/gb/strandpalace.html,strandpalace,514.0,6.2422,514.0,0.0,,4.0,8.5,17828,Very Good,0.6,"Westminster Borough, London",0,0,0,0,0,0,1,0,None,Hotel,,,,,,,,1.0,1.0,1.0,1.0,1.0,1.0,1.0,1.0,"372 Strand, Westminster Borough, London, WC2R 0JJ, United Kingdom",51.51071898,-0.12107491
London,2026-10-03,2026-10-04,2026-09-03 10:27:56,29,1,"Clayton Hotel City of London, Tower Bridge",https://www.booking.com/hotel/gb/clayton-city-of-london.html,clayton-city-of-london,312.0,5.743,312.0,0.0,,4.0,8.6,5801,Standard,4.0,"Tower Hamlets, London",0,0,0,0,0,0,1,0,None,Hotel,,,,,,,,1.0,1.0,1.0,1.0,1.0,1.0,1.0,1.0,"10 New Drum Street, Tower Hamlets, London, E1 7AT, United Kingdom",51.514795,-0.071235
London,2026-10-03,2026-10-04,2026-09-03 10:27:56,29,1,The Lodge Hotel - Putney,https://www.booking.com/hotel/gb/bestwesternlodge.html,bestwesternlodge,248.0,5.5134,248.0,0.0,,4.0,9.1,3310,Wonderful,7.8,"Wandsworth, London",0,0,0,0,0,0,1,0,None,Hotel,,,,,,,,1.0,1.0,1.0,1.0,1.0,1.0,1.0,1.0,"52-54 Upper Richmond Road, Wandsworth, London, SW15 2RN, United Kingdom",51.45723845,-0.2056396
London,2026-10-03,2026-10-04,2026-09-03 10:27:56,29,1,The Rockwell,https://www.booking.com/hotel/gb/the-rockwell.html,the-rockwell,284.0,5.649,284.0,0.0,,4.0,8.4,3779,Very Good,4.7,"Kensington and Chelsea, London",0,1,0,0,0,0,0,0,None,Hotel,,,,,,,,1.0,1.0,1.0,1.0,1.0,1.0,1.0,1.0,"181 Cromwell Road, Kensington and Chelsea, London, SW5 0SF, United Kingdom",51.49462054,-0.19275159
London,2026-10-03,2026-10-04,2026-09-03 10:27:56,29,1,Cheshire Hotel Central London,https://www.booking.com/hotel/gb/cheshirehotel.html,cheshirehotel,266.0,5.5835,266.0,0.0,,3.0,6.8,2591,Standard,1.2,"Camden, London",0,0,0,0,0,0,1,0,None,Hotel,,,,,,,,1.0,1.0,1.0,1.0,1.0,1.0,1.0,1.0,"110 Great Russell Street, Camden, London, WC1B 3NA, United Kingdom",51.51768594,-0.12952209
London,2026-10-03,2026-10-04,2026-09-03 10:27:56,29,1,Ruby Zoe Hotel London by IHG,https://www.booking.com/hotel/gb/ruby-zoe-london.html,ruby-zoe-london,307.0,5.7268,307.0,0.0,,0.0,8.8,3989,Standard,5.0,"Kensington and Chelsea, London",0,0,0,0,0,0,1,0,None,Hotel,,,,,,,,1.0,1.0,1.0,1.0,1.0,1.0,1.0,1.0,"146-164 Notting Hill Gate, Kensington and Chelsea, London, W11 3QG, United Kingdom",51.50885488,-0.20039829
London,2026-10-03,2026-10-04,2026-09-03 10:27:56,29,1,The Welbeck Hotel by IHG,https://www.booking.com/hotel/gb/the-welbeck-hotel.html,the-welbeck-hotel,425.0,6.0521,425.0,0.0,,4.0,8.7,1699,Standard,1.8,"Westminster Borough, London",0,0,0,0,0,0,1,0,None,Hotel,,,,,,,,1.0,1.0,1.0,1.0,1.0,1.0,1.0,1.0,"57-59 Welbeck Street, Westminster Borough, London, W1G 9BL, United Kingdom",51.51695681,-0.1491496
London,2026-10-03,2026-10-04,2026-09-03 10:27:56,29,1,Park Avenue Baker Street,https://www.booking.com/hotel/gb/park-avenue-baker-street.html,park-avenue-baker-street,338.0,5.823,338.0,0.0,,4.0,8.0,3605,Very Good,3.0,"Westminster Borough, London",0,0,0,0,0,0,1,0,None,Hotel,,,,,,,,1.0,1.0,1.0,1.0,1.0,1.0,1.0,1.0,"173 Gloucester Place, Westminster Borough, London, NW1 6DX, United Kingdom",51.52411248,-0.16086213
London,2026-10-03,2026-10-04,2026-09-03 10:27:56,29,1,Zedwell Hotel Piccadilly Circus,https://www.booking.com/hotel/gb/zedwell-trocadero.html,zedwell-trocadero,356.0,5.8749,356.0,0.0,,0.0,7.8,37610,Good,0.5,"Westminster Borough, London",0,0,0,0,0,0,1,0,None,Hotel,,,,,,,,1.0,1.0,1.0,1.0,1.0,1.0,1.0,1.0,"Great Windmill Street, Piccadilly Circus, Westminster Borough, London, W1D 7DH, United Kingdom",51.51046169,-0.1336373
London,2026-10-03,2026-10-04,2026-09-03 10:27:56,29,1,Wilde Aparthotels London Paddington,https://www.booking.com/hotel/gb/wilde-aparthotels-by-staycity-london-paddington.html,wilde-aparthotels-by-staycity-london-paddington,343.0,5.8377,343.0,0.0,,4.0,8.8,4855,Standard,3.4,"Westminster Borough, London",0,0,0,0,0,0,1,0,None,Hotel,,,,,,,,1.0,1.0,1.0,1.0,1.0,1.0,1.0,1.0,"4 North Wharf Road, Westminster Borough, London, W2 1NW, United Kingdom",51.51935099,-0.17329569
London,2026-10-03,2026-10-04,2026-09-03 10:27:56,29,1,Camden Enterprise Hotel,https://www.booking.com/hotel/gb/camden-enterprise.html,camden-enterprise,271.0,5.6021,271.0,0.0,,0.0,8.2,2325,Very Good,4.4,"Camden, London",0,0,0,0,0,0,1,0,None,Hotel,,,,,,,,1.0,1.0,1.0,1.0,1.0,1.0,1.0,1.0,"2 Haverstock Hill, Camden, London, NW3 2BL, United Kingdom",51.54389865,-0.15254925
Paris,2026-10-03,2026-10-04,2026-09-03 10:30:21,29,1,Hotel Trianon Rive Gauche,https://www.booking.com/hotel/fr/trianon-rive-gauche.html,trianon-rive-gauche,634.0,6.452,634.0,0.0,20.0,4.0,8.4,3622,Very Good,1.2,"6th arr., Paris",0,0,0,0,0,0,1,0,None,Hotel,,,,,,,,,,,,,,,,,,
Paris,2026-10-03,2026-10-04,2026-09-03 10:30:21,29,1,Hilton Paris Opera,https://www.booking.com/hotel/fr/hilton-paris-opera.html,hilton-paris-opera,772.0,6.649,772.0,0.0,20.0,4.0,7.5,664,Good,2.8,"8th arr., Paris",0,0,0,0,0,0,1,0,None,Hotel,,,,,,,,,,,,,,,,,,
Paris,2026-10-03,2026-10-04,2026-09-03 10:30:21,29,1,Ibis Styles Paris Batignolles,https://www.booking.com/hotel/fr/mirific.html,mirific,278.0,5.6276,278.0,0.0,13.0,3.0,8.3,3220,Very Good,4.3,"17th arr., Paris",1,0,0,0,0,0,1,0,None,Hotel,,,,,,,,,,,,,,,,,,
Paris,2026-10-03,2026-10-04,2026-09-03 10:30:21,29,1,Mercure Tour Eiffel Grenelle,https://www.booking.com/hotel/fr/toureiffelparis.html,toureiffelparis,367.0,5.9054,367.0,0.0,20.0,4.0,8.2,1072,Very Good,4.4,"15th arr., Paris",0,0,0,0,0,0,1,0,None,Hotel,,,,,,,,,,,,,,,,,,
Paris,2026-10-03,2026-10-04,2026-09-03 10:30:21,29,1,336 Saint-Honore Hotel By Chapitre Collection,https://www.booking.com/hotel/fr/336-saint-honore-by-chapitre-collection.html,336-saint-honore-by-chapitre-collection,631.0,6.4473,631.0,0.0,6.0,0.0,10.0,5,Exceptional,1.9,"1st arr., Paris",0,0,0,0,0,0,1,0,None,Hotel,,,,,,,,,,,,,,,,,,
Paris,2026-10-03,2026-10-04,2026-09-03 10:30:21,29,1,Hôtel Botaniste,https://www.booking.com/hotel/fr/botaniste.html,botaniste,396.0,5.9814,396.0,0.0,20.0,4.0,8.6,952,Standard,6.5,"16th arr., Paris",0,0,0,0,0,0,1,0,None,Hotel,,,,,,,,,,,,,,,,,,
Paris,2026-10-03,2026-10-04,2026-09-03 10:30:21,29,1,Hilton Garden Inn Paris La Villette,https://www.booking.com/hotel/fr/hilton-garden-inn-paris-la-villette.html,hilton-garden-inn-paris-la-villette,287.0,5.6595,287.0,0.0,20.0,4.0,8.3,870,Very Good,5.0,"19th arr., Paris",0,1,0,0,0,0,1,0,None,Hotel,,,,,,,,,,,,,,,,,,
Paris,2026-10-03,2026-10-04,2026-09-03 10:30:21,29,1,Hotel Abbatial Saint Germain,https://www.booking.com/hotel/fr/abbatial-st-germain.html,abbatial-st-germain,605.0,6.4052,605.0,0.0,13.0,3.0,8.8,2994,Standard,0.8,"5th arr., Paris",0,0,0,0,0,0,1,0,None,Hotel,,,,,,,,,,,,,,,,,,
Paris,2026-10-03,2026-10-04,2026-09-03 10:30:21,29,1,Le Littré,https://www.booking.com/hotel/fr/le-littre.html,le-littre,458.0,6.1269,458.0,0.0,20.0,4.0,6.9,1622,Standard,2.4,"6th arr., Paris",1,0,0,0,0,0,1,0,None,Hotel,,,,,,,,,,,,,,,,,,
Paris,2026-10-03,2026-10-04,2026-09-03 10:30:21,29,1,HotelF1 Paris Saint Ouen Marché Aux Puces,https://www.booking.com/hotel/fr/hotelf1-paris-porte-de-montmartre.html,hotelf1-paris-porte-de-montmartre,67.0,4.2047,67.0,0.0,6.0,1.0,6.0,17050,Standard,5.1,Paris,0,0,0,0,0,0,0,0,None,Hotel,,,,,,,,,,,,,,,,,,
Paris,2026-10-03,2026-10-04,2026-09-03 10:30:21,29,1,Courtyard by Marriott Paris Gare de Lyon,https://www.booking.com/hotel/fr/courtyard-by-marriott-paris-gare-de-lyon.html,courtyard-by-marriott-paris-gare-de-lyon,463.0,6.1377,463.0,0.0,20.0,4.0,8.3,1034,Very Good,1.9,"12th arr., Paris",0,1,0,0,0,0,1,0,None,Hotel,,,,,,,,,,,,,,,,,,
Paris,2026-10-03,2026-10-04,2026-09-03 10:30:21,29,1,Pullman Paris Tour Eiffel,https://www.booking.com/hotel/fr/tour-eiffel.html,tour-eiffel,761.0,6.6346,761.0,0.0,20.0,4.0,8.1,5070,Very Good,4.3,"15th arr., Paris",0,0,0,0,0,0,1,0,None,Hotel,,,,,,,,,,,,,,,,,,
Paris,2026-10-03,2026-10-04,2026-09-03 10:30:21,29,1,Holiday Inn Paris - Gare de Lyon Bastille by IHG,https://www.booking.com/hotel/fr/holiday-inn-paris-bastille.html,holiday-inn-paris-bastille,456.0,6.1225,456.0,0.0,20.0,4.0,8.4,1629,Very Good,1.9,"12th arr., Paris",1,0,0,0,0,0,1,0,None,Hotel,,,,,,,,,,,,,,,,,,
Paris,2026-10-03,2026-10-04,2026-09-03 10:30:21,29,1,Hotel Mercure La Sorbonne Saint-Germain-des-Prés,https://www.booking.com/hotel/fr/paris-la-sorbonne.html,paris-la-sorbonne,914.0,6.8178,914.0,0.0,20.0,4.0,8.7,351,Standard,1.0,"5th arr., Paris",1,0,0,0,0,0,1,0,None,Hotel,,,,,,,,,,,,,,,,,,
Paris,2026-10-03,2026-10-04,2026-09-03 10:30:21,29,1,ibis Paris Bastille Opera,https://www.booking.com/hotel/fr/paris-bastille-opera.html,paris-bastille-opera,289.0,5.6664,289.0,0.0,13.0,3.0,8.0,3520,Very Good,1.6,"11th arr., Paris",0,0,0,0,0,0,1,0,None,Hotel,,,,,,,,,,,,,,,,,,
Paris,2026-10-03,2026-10-04,2026-09-03 10:30:21,29,1,Campanile Prime Paris 19 - La Villette,https://www.booking.com/hotel/fr/campanile-prime-paris19-lavillette.html,campanile-prime-paris19-lavillette,150.0,5.0106,150.0,0.0,28.0,3.0,8.2,6500,Very Good,4.6,"19th arr., Paris",0,0,0,0,0,0,1,0,None,Hotel,,,,,,,,,,,,,,,,,,
Paris,2026-10-03,2026-10-04,2026-09-03 10:30:21,29,1,ibis Paris Gare de Lyon Diderot,https://www.booking.com/hotel/fr/ibis-gare-de-lyon-diderot.html,ibis-gare-de-lyon-diderot,269.0,5.5947,269.0,0.0,13.0,3.0,8.3,2689,Very Good,2.1,"12th arr., Paris",0,0,0,0,0,0,1,0,None,Hotel,,,,,,,,,,,,,,,,,,
Paris,2026-10-03,2026-10-04,2026-09-03 10:30:21,29,1,Bradford Elysées - Astotel,https://www.booking.com/hotel/fr/bradfordelysees.html,bradfordelysees,636.0,6.4552,636.0,0.0,20.0,4.0,9.1,1097,Wonderful,3.6,"8th arr., Paris",0,0,0,0,0,0,1,0,None,Hotel,,,,,,,,,,,,,,,,,,
Paris,2026-10-03,2026-10-04,2026-09-03 10:30:21,29,1,Vestay Montaigne,https://www.booking.com/hotel/fr/vestay-montaigne.html,vestay-montaigne,521.0,6.2558,521.0,0.0,6.0,0.0,9.4,736,Wonderful,3.8,"8th arr., Paris",1,0,0,0,0,0,1,0,None,Hotel,,,,,,,,,,,,,,,,,,
Paris,2026-10-03,2026-10-04,2026-09-03 10:30:21,29,1,Hotel Novex Paris,https://www.booking.com/hotel/fr/hotelnovex.html,hotelnovex,154.0,5.037,154.0,0.0,8.0,2.0,5.7,1144,Standard,3.8,"13th arr., Paris",0,0,0,0,0,0,1,0,None,Hotel,,,,,,,,,,,,,,,,,,
Paris,2026-10-03,2026-10-04,2026-09-03 10:30:21,29,1,Novotel Paris Les Halles,https://www.booking.com/hotel/fr/novotel-paris-les-halles.html,novotel-paris-les-halles,721.0,6.5806,721.0,0.0,20.0,4.0,8.1,2286,Very Good,0.6,"1st arr., Paris",0,0,0,0,0,0,1,0,None,Hotel,,,,,,,,,,,,,,,,,,
Paris,2026-10-03,2026-10-04,2026-09-03 10:30:21,29,1,voco Paris Montparnasse by IHG,https://www.booking.com/hotel/fr/holiday-inn-paris-montparnasse-maine.html,holiday-inn-paris-montparnasse-maine,290.0,5.6699,290.0,0.0,20.0,4.0,8.4,1867,Very Good,2.9,"14th arr., Paris",0,0,0,0,0,0,1,0,None,Hotel,,,,,,,,,,,,,,,,,,
Paris,2026-10-03,2026-10-04,2026-09-03 10:30:21,29,1,Ibis Styles Paris Place d'Italie - Butte Aux Cailles,https://www.booking.com/hotel/fr/ibis-style-paris-place-italie.html,ibis-style-paris-place-italie,267.0,5.5872,267.0,0.0,13.0,3.0,8.3,3543,Very Good,3.2,"13th arr., Paris",1,1,0,0,0,0,1,0,None,Hotel,,,,,,,,,,,,,,,,,,
Paris,2026-10-03,2026-10-04,2026-09-03 10:30:21,29,1,Hôtel Aero Paris Passy,https://www.booking.com/hotel/fr/aero-paris.html,aero-paris,326.0,5.7869,326.0,0.0,13.0,3.0,8.4,71,Very Good,5.4,"16th arr., Paris",0,0,0,0,0,0,1,0,None,Hotel,,,,,,,,,,,,,,,,,,
Paris,2026-10-03,2026-10-04,2026-09-03 10:30:30,29,1,Crowne Plaza Paris - Republique by IHG,https://www.booking.com/hotel/fr/holiday-inn-paris-republique.html,holiday-inn-paris-republique,481.0,6.1759,481.0,0.0,20.0,4.0,8.1,1347,Very Good,1.6,"11th arr., Paris",0,0,0,0,0,0,1,0,None,Hotel,,,,,,,,1.0,0.0,0.0,0.0,0.0,0.0,0.0,1.0,,,
Paris,2026-10-03,2026-10-04,2026-09-03 10:30:30,29,1,Hotel Joke - Astotel,https://www.booking.com/hotel/fr/joke-astotel.html,joke-astotel,408.0,6.0113,408.0,0.0,13.0,3.0,9.1,1599,Wonderful,3.2,"9th arr., Paris",0,0,0,0,0,0,1,0,None,Hotel,,,,,,,,1.0,0.0,0.0,0.0,0.0,0.0,0.0,1.0,,,
Paris,2026-10-03,2026-10-04,2026-09-03 10:30:30,29,1,Mercure Paris Gare Montparnasse TGV,https://www.booking.com/hotel/fr/hotelparismontparn.html,hotelparismontparn,306.0,5.7236,306.0,0.0,20.0,4.0,7.2,4812,Good,3.2,"14th arr., Paris",0,0,0,0,0,0,1,0,None,Hotel,,,,,,,,1.0,0.0,0.0,0.0,0.0,0.0,0.0,1.0,,,
Paris,2026-10-03,2026-10-04,2026-09-03 10:30:21,29,1,Aparthotel Adagio Paris Bercy Village,https://www.booking.com/hotel/fr/pvbercy.html,pvbercy,302.0,5.7104,302.0,0.0,20.0,4.0,8.0,2256,Very Good,3.8,"12th arr., Paris",0,0,0,0,0,0,1,0,None,Villa,,,,,,,,1.0,0.0,0.0,0.0,0.0,0.0,0.0,1.0,,,
Paris,2026-10-03,2026-10-04,2026-09-03 10:30:30,29,1,Mama Shelter Paris East,https://www.booking.com/hotel/fr/mama-shelter.html,mama-shelter,243.0,5.4931,243.0,0.0,8.0,2.0,8.5,1886,Very Good,3.8,"20th arr., Paris",0,0,0,0,0,0,0,0,None,Hotel,,,,,,,,1.0,1.0,1.0,1.0,1.0,1.0,1.0,1.0,"109, Rue De Bagnolet, 20th arr., 75020 Paris, France",48.85969197,2.40294546
Paris,2026-10-03,2026-10-04,2026-09-03 10:30:30,29,1,ibis Paris Bastille Faubourg St Antoine,https://www.booking.com/hotel/fr/bastille-faubourg-st-antoine.html,bastille-faubourg-st-antoine,309.0,5.7333,309.0,0.0,13.0,3.0,8.6,2132,Standard,2.1,"11th arr., Paris",0,0,0,0,0,0,1,0,None,Hotel,,,,,,,,1.0,1.0,1.0,1.0,1.0,1.0,1.0,1.0,"13 Rue Trousseau, 11th arr., 75011 Paris, France",48.85173016,2.37873316
Paris,2026-10-03,2026-10-04,2026-09-03 10:30:30,29,1,Hotel Maison FL,https://www.booking.com/hotel/fr/hotel-maison-fl.html,hotel-maison-fl,413.0,6.0234,413.0,0.0,20.0,4.0,8.6,485,Standard,4.9,"16th arr., Paris",0,0,0,0,0,0,1,0,None,Hotel,,,,,,,,1.0,1.0,1.0,1.0,1.0,1.0,1.0,1.0,"6 Rue De La Tour, 16th arr., 75016 Paris, France",48.85881229,2.28399485
Paris,2026-10-03,2026-10-04,2026-09-03 10:30:30,29,1,Hotel Bastille Speria,https://www.booking.com/hotel/fr/bastille-speria.html,bastille-speria,532.0,6.2766,532.0,0.0,13.0,3.0,8.9,1222,Standard,1.2,"4th arr., Paris",0,0,0,0,0,0,1,0,None,Hotel,,,,,,,,1.0,1.0,1.0,1.0,1.0,1.0,1.0,1.0,"1 Rue De La Bastille, 4th arr., 75004 Paris, France",48.853912,2.36747526
Paris,2026-10-03,2026-10-04,2026-09-03 10:30:30,29,1,Hotel Faubourg Galant Paris - Handwritten Collection,https://www.booking.com/hotel/fr/opera-franklin.html,opera-franklin,580.0,6.363,580.0,0.0,20.0,4.0,9.0,477,Wonderful,2.3,"9th arr., Paris",0,0,0,0,0,0,1,0,None,Hotel,,,,,,,,1.0,1.0,1.0,1.0,1.0,1.0,1.0,1.0,"19 Rue Buffault, 9th arr., 75009 Paris, France",48.87596539,2.34212928
Paris,2026-10-03,2026-10-04,2026-09-03 10:30:30,29,1,Hotel Acadia - Astotel,https://www.booking.com/hotel/fr/acadiaopera.html,acadiaopera,396.0,5.9814,396.0,0.0,13.0,3.0,9.3,986,Wonderful,1.9,"9th arr., Paris",0,0,0,0,0,0,1,0,None,Hotel,,,,,,,,1.0,1.0,1.0,1.0,1.0,1.0,1.0,1.0,"4, rue Geoffroy Marie, 9th arr., 75009 Paris, France",48.87329946,2.34366059
Paris,2026-10-03,2026-10-04,2026-09-03 10:30:30,29,1,Ibis Styles Paris Gare Saint Lazare,https://www.booking.com/hotel/fr/ibis-styles-paris-gare-saint-lazare.html,ibis-styles-paris-gare-saint-lazare,330.0,5.7991,330.0,0.0,13.0,3.0,8.1,1414,Very Good,3.4,"8th arr., Paris",1,0,0,0,0,0,1,0,None,Hotel,,,,,,,,1.0,1.0,1.0,1.0,1.0,1.0,1.0,1.0,"9, Rue de Constantinople, 8th arr., 75008 Paris, France",48.87971221,2.3209282
Paris,2026-10-03,2026-10-04,2026-09-03 10:30:30,29,1,Mercure Paris Opera Garnier Hôtel & Spa,https://www.booking.com/hotel/fr/paris-opera-garnier.html,paris-opera-garnier,417.0,6.0331,417.0,0.0,20.0,4.0,8.2,701,Very Good,2.8,"8th arr., Paris",0,0,0,0,0,0,1,0,None,Hotel,,,,,,,,1.0,1.0,1.0,1.0,1.0,1.0,1.0,1.0,"4 Rue de L'Isly, 8th arr., 75008 Paris, France",48.8748638,2.32593589
Paris,2026-10-03,2026-10-04,2026-09-03 10:30:30,29,1,Hotel Lorette - Astotel,https://www.booking.com/hotel/fr/loretteopera.html,loretteopera,361.0,5.8889,361.0,0.0,13.0,3.0,8.6,1769,Standard,2.7,"9th arr., Paris",0,0,0,0,0,0,1,0,None,Hotel,,,,,,,,1.0,1.0,1.0,1.0,1.0,1.0,1.0,1.0,"36 rue Notre Dame de Lorette, 9th arr., 75009 Paris, France",48.87889726,2.33705431
Paris,2026-10-03,2026-10-04,2026-09-03 10:30:30,29,1,ibis Paris Place d’Italie 13ème,https://www.booking.com/hotel/fr/ibis-paris-place-d-italie.html,ibis-paris-place-d-italie,219.0,5.3891,219.0,0.0,13.0,3.0,7.8,2044,Good,2.7,"13th arr., Paris",0,0,0,0,0,0,1,0,None,Hotel,,,,,,,,1.0,1.0,1.0,1.0,1.0,1.0,1.0,1.0,"25 Avenue Stephen Pichon, 13th arr., 75013 Paris, France",48.8327135,2.3590988
Paris,2026-10-03,2026-10-04,2026-09-03 10:30:30,29,1,Villa M,https://www.booking.com/hotel/fr/villa-m-paris.html,villa-m-paris,455.0,6.1203,455.0,0.0,20.0,4.0,9.0,1750,Wonderful,3.3,"15th arr., Paris",0,0,0,0,0,0,1,0,None,Villa,,,,,,,,1.0,1.0,1.0,1.0,1.0,1.0,1.0,1.0,"24 Boulevard Pasteur, 15th arr., 75015 Paris, France",48.842497,2.31246
Paris,2026-10-03,2026-10-04,2026-09-03 10:30:30,29,1,ibis Paris Gare de Lyon Ledru Rollin,https://www.booking.com/hotel/fr/ha-tel-ibis-paris-gare-de-lyon-ledru-rollin.html,ha-tel-ibis-paris-gare-de-lyon-ledru-rollin,286.0,5.656,286.0,0.0,13.0,3.0,8.3,2798,Very Good,1.7,"12th arr., Paris",0,0,0,0,0,0,1,0,None,Hotel,,,,,,,,1.0,1.0,1.0,1.0,1.0,1.0,1.0,1.0,"41-43 avenue Ledru Rollin, 12th arr., 75012 Paris, France",48.84785302,2.37096967
Paris,2026-10-03,2026-10-04,2026-09-03 10:30:30,29,1,NH Collection Paris Ponthieu Champs-Élysées,https://www.booking.com/hotel/fr/nh-collection-paris-ponthieu-champs-elysees.html,nh-collection-paris-ponthieu-champs-elysees,767.0,6.6425,767.0,0.0,20.0,4.0,8.5,381,Very Good,3.5,"8th arr., Paris",0,0,0,0,0,0,1,0,None,Hotel,,,,,,,,1.0,1.0,1.0,1.0,1.0,1.0,1.0,1.0,"24 rue de Ponthieu, 8th arr., 75008 Paris, France",48.87082933,2.30931401
Paris,2026-10-03,2026-10-04,2026-09-03 10:30:30,29,1,Hotel Elysée Secret,https://www.booking.com/hotel/fr/elysa-c-e-secret.html,elysa-c-e-secret,417.0,6.0331,417.0,0.0,48.0,4.0,8.5,668,Very Good,3.3,"8th arr., Paris",0,0,0,0,0,0,1,0,None,Hotel,,,,,,,,1.0,1.0,1.0,1.0,1.0,1.0,1.0,1.0,"5 rue de Ponthieu, 8th arr., 75008 Paris, France",48.8701349,2.31108114
Paris,2026-10-03,2026-10-04,2026-09-03 10:30:30,29,1,Hyatt Regency Paris Etoile,https://www.booking.com/hotel/fr/hyatt-regency-paris-etoile.html,hyatt-regency-paris-etoile,536.0,6.2841,536.0,0.0,20.0,4.0,8.4,2312,Very Good,5.5,"17th arr., Paris",0,0,0,0,0,0,1,0,None,Hotel,,,,,,,,1.0,1.0,1.0,1.0,1.0,1.0,1.0,1.0,"3 Place du Général Koenig, 17th arr., 75017 Paris, France",48.88040984,2.28472742
Paris,2026-10-03,2026-10-04,2026-09-03 10:30:30,29,1,M Social Hotel Paris,https://www.booking.com/hotel/fr/millenium-hotel-paris-opera.html,millenium-hotel-paris-opera,574.0,6.3526,574.0,0.0,20.0,4.0,8.2,1241,Very Good,2.0,"9th arr., Paris",0,0,0,0,0,0,1,0,None,Hotel,,,,,,,,1.0,1.0,1.0,1.0,1.0,1.0,1.0,1.0,"12 Boulevard Haussmann, 9th arr., 75009 Paris, France",48.87247779,2.33788848
Paris,2026-10-03,2026-10-04,2026-09-03 10:30:30,29,1,ibis budget Paris Porte De Montmartre,https://www.booking.com/hotel/fr/etap-paris-porte-de-montmartre.html,etap-paris-porte-de-montmartre,107.0,4.6728,107.0,0.0,7.0,2.0,5.9,18532,Standard,5.1,"18th arr., Paris",0,0,0,0,0,0,0,0,None,Hotel,,,,,,,,1.0,1.0,1.0,1.0,1.0,1.0,1.0,1.0,"45 rue du Docteur Babinski, 18th arr., 75018 Paris, France",48.90110767,2.33411193
Paris,2026-10-03,2026-10-04,2026-09-03 10:30:30,29,1,Mercure Paris Montmartre Sacré Coeur,https://www.booking.com/hotel/fr/mercure-paris-montmartre.html,mercure-paris-montmartre,353.0,5.8665,353.0,0.0,20.0,4.0,8.0,1918,Very Good,3.5,"18th arr., Paris",0,1,0,0,0,0,1,0,None,Hotel,,,,,,,,1.0,1.0,1.0,1.0,1.0,1.0,1.0,1.0,"3 Rue Caulaincourt, 18th arr., 75018 Paris, France",48.88524007,2.33017713
Paris,2026-10-03,2026-10-04,2026-09-03 10:30:30,29,1,Maison Mère,https://www.booking.com/hotel/fr/maison-mere.html,maison-mere,531.0,6.2748,531.0,0.0,20.0,4.0,8.9,686,Standard,2.3,"9th arr., Paris",0,0,0,0,0,0,1,0,None,Hotel,,,,,,,,1.0,1.0,1.0,1.0,1.0,1.0,1.0,1.0,"7 Rue Mayran, 9th arr., 75009 Paris, France",48.877134,2.345154
Paris,2026-10-03,2026-10-04,2026-09-03 10:30:30,29,1,Mercure Paris Montparnasse Raspail,https://www.booking.com/hotel/fr/raspail.html,raspail,402.0,5.9965,402.0,0.0,20.0,4.0,8.0,633,Very Good,2.3,"14th arr., Paris",0,0,0,0,0,0,1,0,None,Hotel,,,,,,,,1.0,1.0,1.0,1.0,1.0,1.0,1.0,1.0,"207 Boulevard Raspail, 14th arr., 75014 Paris, France",48.84118189,2.33015835
Paris,2026-10-03,2026-10-04,2026-09-03 10:30:30,29,1,Ibis Paris Gare Montparnasse Catalogne,https://www.booking.com/hotel/fr/ibis-paris-gare-montparnasse-catalogne.html,ibis-paris-gare-montparnasse-catalogne,328.0,5.793,328.0,0.0,13.0,3.0,8.6,5404,Standard,3.3,"14th arr., Paris",0,0,0,0,0,0,1,0,None,Hotel,,,,,,,,1.0,1.0,1.0,1.0,1.0,1.0,1.0,1.0,"11 Rue Du Texel, 14th arr., 75014 Paris, France",48.8368205,2.3178964
Paris,2026-10-03,2026-10-04,2026-09-03 10:30:30,29,1,Hôtel Clémence,https://www.booking.com/hotel/fr/clemence.html,clemence,327.0,5.79,327.0,0.0,13.0,3.0,8.5,1300,Very Good,4.8,"17th arr., Paris",0,1,0,0,0,0,1,0,None,Hotel,,,,,,,,1.0,1.0,1.0,1.0,1.0,1.0,1.0,1.0,"35 Avenue des Ternes, 17th arr., 75017 Paris, France",48.87839,2.294013
Bangkok,2026-10-03,2026-10-04,2026-09-03 10:33:39,29,1,"Urbana Sathorn Hotel, Bangkok",https://www.booking.com/hotel/th/urbana-sathorn.html,urbana-sathorn,98.0,4.585,98.0,0.0,,5.0,8.0,6115,Very Good,4.9,"Sathorn, Bangkok (Embassy District)",0,0,0,0,0,0,1,0,None,Hotel,,,,,,,,1.0,0.0,0.0,0.0,0.0,0.0,0.0,1.0,,,
Bangkok,2026-10-03,2026-10-04,2026-09-03 10:33:39,29,1,Siam Hotel,https://www.booking.com/hotel/th/siam-bangkok1.html,siam-bangkok1,30.0,3.4012,30.0,0.0,,3.0,,0,No reviews,3.7,"Pratunam, Bangkok (Pratunam)",0,0,0,0,0,0,1,0,None,Hotel,,,,,,,,1.0,0.0,0.0,0.0,0.0,0.0,0.0,1.0,,,
Bangkok,2026-10-03,2026-10-04,2026-09-03 10:33:39,29,1,HOP INN Bangkok Onnut Station,https://www.booking.com/hotel/th/hop-inn-bangkok-onnut-station.html,hop-inn-bangkok-onnut-station,39.0,3.6636,39.0,0.0,,2.0,8.9,1087,Standard,11.7,"Sukhumvit, Bangkok (Sukhumvit)",0,1,0,0,0,0,1,0,None,Hotel,,,,,,,,1.0,0.0,0.0,0.0,0.0,0.0,0.0,1.0,,,
Bangkok,2026-10-03,2026-10-04,2026-09-03 10:33:39,29,1,The Berkeley Hotel Pratunam,https://www.booking.com/hotel/th/the-berkeley-pratunam-bangkok.html,the-berkeley-pratunam-bangkok,81.0,4.3944,81.0,0.0,,5.0,8.7,7585,Standard,4.0,"Pratunam, Bangkok (Pratunam)",0,1,0,0,0,0,1,0,None,Hotel,,,,,,,,0.0,0.0,0.0,0.0,0.0,0.0,0.0,1.0,,,
Bangkok,2026-10-03,2026-10-04,2026-09-03 10:33:39,29,1,ARNI Skye Hotel,https://www.booking.com/hotel/th/arni-skye.html,arni-skye,85.0,4.4427,85.0,0.0,,4.0,9.1,727,Wonderful,13.6,"Sukhumvit, Bangkok (Sukhumvit)",0,0,0,0,0,0,1,0,None,Hotel,,,,,,,,1.0,1.0,1.0,1.0,1.0,1.0,1.0,1.0,"5 Soi Punnawithi 19, Phra Khanong, 10260 Bangkok, Thailand",13.6922915,100.6133508
Bangkok,2026-10-03,2026-10-04,2026-09-03 10:33:39,29,1,BU Place Hotel,https://www.booking.com/hotel/th/b-u-place.html,b-u-place,39.0,3.6636,39.0,0.0,,4.0,8.6,1714,Standard,5.8,"Din Daeng, Bangkok",0,1,0,0,0,0,1,0,None,Hotel,,,,,,,,1.0,1.0,1.0,1.0,1.0,1.0,1.0,1.0,"565 Ratchadapisek Road Soi 3, Dindaeng, Din Daeng, 10400 Bangkok, Thailand",13.7613533,100.55886447
Bangkok,2026-10-03,2026-10-04,2026-09-03 10:33:39,29,1,Baiyoke Boutique Hotel,https://www.booking.com/hotel/th/baiyoke-boutique.html,baiyoke-boutique,30.0,3.4012,30.0,0.0,,3.0,6.6,224,Standard,3.8,"Pratunam, Bangkok (Pratunam)",0,1,0,0,0,0,1,0,None,Hotel,,,,,,,,1.0,1.0,1.0,1.0,1.0,1.0,1.0,1.0,"120/359 Radjprarop Rd. Radjthevee, Ratchathewi, 10400 Bangkok, Thailand",13.75513978,100.54049134
Bangkok,2026-10-03,2026-10-04,2026-09-03 10:33:39,29,1,Carlton Hotel Bangkok Sukhumvit,https://www.booking.com/hotel/th/carlton-bangkok-sukhumvit.html,carlton-bangkok-sukhumvit,251.0,5.5255,251.0,0.0,,5.0,9.3,5670,Wonderful,6.8,"Wattana, Bangkok (Sukhumvit)",0,1,0,0,0,0,1,0,None,Hotel,,,,,,,,1.0,1.0,1.0,1.0,1.0,1.0,1.0,1.0,"Carlton Hotel Bangkok Sukhumvit, 491 Sukhumvit Rd. Klongtoey Nua, Wattana, Wattana, 10110 Bangkok, Thailand",13.73437351,100.56448141
Bangkok,2026-10-03,2026-10-04,2026-09-03 10:33:39,29,1,GalileOasis Boutique Hotel,https://www.booking.com/hotel/th/galileoasis-boutique.html,galileoasis-boutique,88.0,4.4773,88.0,0.0,,4.0,9.0,1349,Wonderful,2.3,Bangkok,0,1,0,0,0,0,1,0,None,Hotel,,,,,,,,1.0,1.0,1.0,1.0,1.0,1.0,1.0,1.0,"Rama VI Soi 17 GalileOasis 535/32 Wat Phraya Yang Alley, Thanon Phetchaburi, Ratchathewi, Bangkok 10400, Thailand, Ratchathewi, 10400 Bangkok, Thailand",13.751393,100.526389
Bangkok,2026-10-03,2026-10-04,2026-09-03 10:33:39,29,1,Exoresidence The Heart of Chinatown,https://www.booking.com/hotel/th/exoresidence-the-heart-of-chinatown.html,exoresidence-the-heart-of-chinatown,52.0,3.9512,52.0,0.0,,4.0,8.0,1408,Very Good,1.5,"Chinatown, Bangkok (Chinatown)",0,0,0,0,0,0,1,0,None,Hotel,,,,,,,,1.0,1.0,1.0,1.0,1.0,1.0,1.0,1.0,"Charoen Krung Road Station one yaowarat 5 floors, Pom Prap Sattru Phai, 10100 Bangkok, Thailand",13.743108,100.509008
Bangkok,2026-10-03,2026-10-04,2026-09-03 10:33:39,29,1,The Moment,https://www.booking.com/hotel/th/the-moment.html,the-moment,127.0,4.8442,127.0,0.0,,4.0,9.4,1653,Wonderful,1.1,"Bangkok Old Town, Bangkok (Bangkok Old Town)",1,1,0,0,0,0,1,0,None,Apartment,,,,,,,,1.0,1.0,1.0,1.0,1.0,1.0,1.0,1.0,"78 ซอย เทเวศร์ 1, Phra Nakhon, 10200 Bangkok, Thailand",13.7659345,100.5037695
Bangkok,2026-10-03,2026-10-04,2026-09-03 10:33:39,29,1,Amaranta Hotel,https://www.booking.com/hotel/th/amaranta-hotel.html,amaranta-hotel,55.0,4.0073,55.0,0.0,,4.0,8.2,586,Very Good,8.0,"Huai Khwang, Bangkok",0,1,0,0,0,0,1,0,None,Hotel,,,,,,,,1.0,1.0,1.0,1.0,1.0,1.0,1.0,1.0,"2 Soi 5 Pracharatbumpen rd, Huai Khwang, Huai Khwang, 10310 Bangkok, Thailand",13.77888522,100.57629406
Bangkok,2026-10-03,2026-10-04,2026-09-03 10:33:39,29,1,U Sabai Hotel Bangkok,https://www.booking.com/hotel/th/orngaerm-yuusbaay.html,orngaerm-yuusbaay,42.0,3.7377,42.0,0.0,,3.0,8.0,346,Very Good,4.4,Bangkok,0,0,0,0,0,0,1,0,None,Hotel,,,,,,,,1.0,1.0,1.0,1.0,1.0,1.0,1.0,1.0,"No.1 Soi Charoen Nakhon 22, Khlong San, 10600 Bangkok, Thailand",13.71643398,100.50553779
Bangkok,2026-10-03,2026-10-04,2026-09-03 10:33:39,29,1,Moxy Bangkok Ratchaprasong,https://www.booking.com/hotel/th/moxy-bangkok-ratchaprasong.html,moxy-bangkok-ratchaprasong,121.0,4.7958,121.0,0.0,21.0,4.0,9.0,1500,Wonderful,3.9,"Pathumwan, Bangkok (Pratunam)",0,1,0,0,0,0,1,0,None,Hotel,,,,,,,,1.0,1.0,1.0,1.0,1.0,1.0,1.0,1.0,"111 Ratchadamri Road, Lumphini, Pathum Wan, Pathumwan, 10330 Bangkok, Thailand",13.74797,100.54126
Bangkok,2026-10-03,2026-10-04,2026-09-03 10:33:39,29,1,April Ari-Saphankhwai,https://www.booking.com/hotel/th/april-ari-saphankhwai.html,april-ari-saphankhwai,23.0,3.1355,23.0,0.0,,0.0,9.8,5,Exceptional,5.8,"Phaya Thai, Bangkok",0,0,0,0,0,0,1,0,None,Hotel,,,,,,,,1.0,1.0,1.0,1.0,1.0,1.0,1.0,1.0,"1383/20 Phahonyothin Road 1383/21 April ari-saphankhwai, 10400 Bangkok, Thailand",13.78893287,100.54720823
Bangkok,2026-10-03,2026-10-04,2026-09-03 10:33:39,29,1,Twin Towers Hotel,https://www.booking.com/hotel/th/soltwintowers.html,soltwintowers,108.0,4.6821,108.0,0.0,,5.0,8.1,689,Very Good,1.9,"Pathumwan, Bangkok",0,1,0,0,0,0,1,0,None,Hotel,,,,,,,,1.0,1.0,1.0,1.0,1.0,1.0,1.0,1.0,"88/2 New Rama 6th Road, Rong Muang, Patumwan, Pathumwan, 10330 Bangkok, Thailand",13.74570064,100.52020848
Bangkok,2026-10-03,2026-10-04,2026-09-03 10:33:39,29,1,Hotel Bangkokian,https://www.booking.com/hotel/th/bangkokian.html,bangkokian,66.0,4.1897,66.0,0.0,,4.0,8.7,594,Standard,4.1,"Pratunam, Bangkok (Pratunam)",0,0,0,0,0,0,1,0,None,Hotel,,,,,,,,1.0,1.0,1.0,1.0,1.0,1.0,1.0,1.0,"335 /1 ซอย ราชปรารภ 12, Ratchathewi, 10400 Bangkok, Thailand",13.7577523,100.5435102
Bangkok,2026-10-03,2026-10-04,2026-09-03 10:33:39,29,1,Loly Residence,https://www.booking.com/hotel/th/loly-residence.html,loly-residence,27.0,3.2958,27.0,0.0,,0.0,9.4,83,Wonderful,5.8,"Phaya Thai, Bangkok",0,1,0,0,0,0,1,0,None,Hotel,,,,,,,,1.0,1.0,1.0,1.0,1.0,1.0,1.0,1.0,"1383/30 Phahonyothin Road, 10400 Bangkok, Thailand",13.78906636,100.54754494
Bangkok,2026-10-03,2026-10-04,2026-09-03 10:33:39,29,1,"Cozi Inn Hotel, Bangkok",https://www.booking.com/hotel/th/the-cozi-inn-bangkok.html,the-cozi-inn-bangkok,30.0,3.4012,30.0,0.0,,3.0,6.7,511,Standard,3.7,"Pratunam, Bangkok (Pratunam)",0,1,0,0,0,0,1,0,None,Hotel,,,,,,,,1.0,1.0,1.0,1.0,1.0,1.0,1.0,1.0,"122/32-34 Rajchaprarob Road, Phayathai, Ratchathewi, 10400 Bangkok, Thailand",13.753673,100.53964645
Bangkok,2026-10-03,2026-10-04,2026-09-03 10:33:39,29,1,Royal Orchid Sheraton Riverside Hotel Bangkok,https://www.booking.com/hotel/th/royal-orchid-sheraton-and-towers.html,royal-orchid-sheraton-and-towers,220.0,5.3936,220.0,0.0,39.0,5.0,8.7,3054,Standard,3.1,"Bang Rak, Bangkok (Riverside)",0,1,0,0,0,0,1,0,None,Hotel,,,,,,,,1.0,1.0,1.0,1.0,1.0,1.0,1.0,1.0,"2 Charoen Krung Road Soi 30 (Captain Bush Lane), Bang Rak, 10500 Bangkok, Thailand",13.7291923,100.51384091
Bangkok,2026-10-03,2026-10-04,2026-09-03 10:33:39,29,1,D&D Inn Khaosan,https://www.booking.com/hotel/th/d-d-inn.html,d-d-inn,34.0,3.5264,34.0,0.0,,3.0,7.4,2095,Good,1.1,"Bangkok Old Town, Bangkok (Khaosan)",0,0,0,0,0,0,1,0,None,Hotel,,,,,,,,1.0,1.0,1.0,1.0,1.0,1.0,1.0,1.0,"68-70 Khaosan Road, Pranakorn , Phra Nakhon, 10200 Bangkok, Thailand",13.75918314,100.49650848
Bangkok,2026-10-03,2026-10-04,2026-09-03 10:33:39,29,1,Grande Centre Point Surawong Bangkok,https://www.booking.com/hotel/th/grande-centre-point-surawong-bangkok.html,grande-centre-point-surawong-bangkok,152.0,5.0239,152.0,0.0,,5.0,9.4,8675,Wonderful,3.6,"Bang Rak, Bangkok",0,0,0,0,0,0,1,0,None,Hotel,,,,,,,,1.0,1.0,1.0,1.0,1.0,1.0,1.0,1.0,"299 Thanon Surawong, Bang Rak, 10500 Bangkok, Thailand",13.72600733,100.51925679
Bangkok,2026-10-03,2026-10-04,2026-09-03 10:33:39,29,1,Double B Hostel,https://www.booking.com/hotel/th/double-b-hostel.html,double-b-hostel,61.0,4.1109,61.0,0.0,,3.0,9.3,653,Wonderful,0.8,"Bangkok Old Town, Bangkok (Bangkok Old Town)",0,1,0,0,0,0,1,0,None,Hostel,,,,,,,,1.0,1.0,1.0,1.0,1.0,1.0,1.0,1.0,"35 Nawa Alley Tanao  Rd. Khwaeng Sao Chingcha Khet Phra Nakhon, Phra Nakhon, 10200 Bangkok, Thailand",13.75271274,100.49912279
Bangkok,2026-10-03,2026-10-04,2026-09-03 10:33:39,29,1,Marwin Villa,https://www.booking.com/hotel/th/marwin-villa.html,marwin-villa,46.0,3.8286,46.0,0.0,,3.0,8.4,513,Very Good,3.4,"Pratunam, Bangkok (Pratunam)",0,0,0,0,0,0,1,0,None,Villa,,,,,,,,1.0,1.0,1.0,1.0,1.0,1.0,1.0,1.0,"37 Soi Petchaburi 15 Phayathai Road, Ratchatewi, Phayathai, Ratchathewi, 10400 Bangkok, Thailand",13.75239563,100.53701259
Bangkok,2026-10-03,2026-10-04,2026-09-03 10:33:39,29,1,Pathumwan Princess Hotel,https://www.booking.com/hotel/th/pathumwan-princess.html,pathumwan-princess,227.0,5.425,227.0,0.0,,5.0,9.2,8335,Wonderful,3.0,"Pathumwan, Bangkok (Siam)",0,0,0,0,0,0,1,0,None,Hotel,,,,,,,,1.0,1.0,1.0,1.0,1.0,1.0,1.0,1.0,"444 MBK Centre, Phayathai Road, Pathumwan, Pathumwan, 10330 Bangkok, Thailand",13.74307439,100.52990735
Bangkok,2026-10-03,2026-10-04,2026-09-03 10:33:39,29,1,Amara Bangkok Hotel,https://www.booking.com/hotel/th/amara-bangkok-hotel.html,amara-bangkok-hotel,124.0,4.8203,124.0,0.0,,5.0,8.9,10021,Standard,3.8,"Bang Rak, Bangkok",0,0,0,0,0,0,1,0,None,Hotel,,,,,,,,1.0,1.0,1.0,1.0,1.0,1.0,1.0,1.0,"180/1 Surawong Road, Sipraya, Bangrak, Bang Rak, 10500 Bangkok, Thailand",13.72869371,100.52711383
Bangkok,2026-10-03,2026-10-04,2026-09-03 10:33:39,29,1,Anajak Bangkok Hotel - SHA Plus,https://www.booking.com/hotel/th/anajak-bangkok.html,anajak-bangkok,90.0,4.4998,90.0,0.0,,4.0,8.9,2423,Standard,3.1,"Pratunam, Bangkok (Pratunam)",1,0,0,0,0,0,1,0,None,Hotel,,,,,,,,1.0,1.0,1.0,1.0,1.0,1.0,1.0,1.0,"65/5 Phayathai Road (Soi Golit), Rajthewi, Ratchathewi, 10400 Bangkok, Thailand",13.75590159,100.53430321
Bangkok,2026-10-03,2026-10-04,2026-09-03 10:33:39,29,1,Grand Diamond Suites Hotel,https://www.booking.com/hotel/th/grand-diamond-suites.html,grand-diamond-suites,87.0,4.4659,87.0,0.0,,4.0,7.1,978,Good,3.6,"Pratunam, Bangkok (Pratunam)",1,0,0,0,0,0,1,0,None,Hotel,,,,,,,,1.0,1.0,1.0,1.0,1.0,1.0,1.0,1.0,"888 Petchburi Road, Petchaburi, Rajthevi, , Ratchathewi, 10400 Bangkok, Thailand",13.7504424,100.53866744
Bangkok,2026-10-03,2026-10-04,2026-09-03 10:33:39,29,1,The Xtreme Suites,https://www.booking.com/hotel/th/the-xtreme.html,the-xtreme,28.0,3.3322,28.0,0.0,,5.0,7.9,544,Good,13.9,"Bangkapi, Bangkok",0,0,0,0,0,0,1,0,None,Hotel,,,,,,,,1.0,1.0,1.0,1.0,1.0,1.0,1.0,1.0,"51 Huamark Rd, Huamark Bangkapi, Bangkapi, 10240 Bangkok, Thailand",13.75206992,100.63425601
Bangkok,2026-10-03,2026-10-04,2026-09-03 10:33:39,29,1,Eastin Grand Hotel Phayathai,https://www.booking.com/hotel/th/eastin-grand-phayathai.html,eastin-grand-phayathai,206.0,5.3279,206.0,0.0,,5.0,9.5,9051,Exceptional,3.0,Bangkok,0,0,0,0,0,0,1,0,None,Hotel,,,,,,,,1.0,1.0,1.0,1.0,1.0,1.0,1.0,1.0,"18 Phayathai Road, Thanon Phayathai Subdistrict, Ratchathewi District, Ratchathewi, 10400 Bangkok, Thailand",13.75671803,100.53343343
Bangkok,2026-10-03,2026-10-04,2026-09-03 10:33:39,29,1,ibis Styles Bangkok Sukhumvit 4,https://www.booking.com/hotel/th/ibis-styles-bangkok-sukhumvit-4.html,ibis-styles-bangkok-sukhumvit-4,60.0,4.0943,60.0,0.0,11.0,3.0,8.5,3343,Very Good,5.4,"Khlong Toei, Bangkok (Sukhumvit)",0,0,0,0,0,0,1,0,None,Hotel,,,,,,,,1.0,1.0,1.0,1.0,1.0,1.0,1.0,1.0,"27 Sukhumvit 4 Klongtoey, Khlong Toei, 10110 Bangkok, Thailand",13.739352,100.553049
Bangkok,2026-10-03,2026-10-04,2026-09-03 10:33:39,29,1,Cassia Rama9 Loft Highrise View Central Gym&Pool,https://www.booking.com/hotel/th/cassia-rama9-loft-highrise-view-central.html,cassia-rama9-loft-highrise-view-central,49.0,3.8918,49.0,0.0,18.0,0.0,9.0,9,Wonderful,8.4,"Huai Khwang, Bangkok",0,1,0,0,1,0,1,0,None,Apartment,,,,,,,,1.0,1.0,1.0,1.0,1.0,1.0,1.0,1.0,"Cassia Rama 9 Bangkok by Banyan Group 866, Huai Khwang, 10310 Bangkok, Thailand",13.7551015,100.5834501
Bangkok,2026-10-03,2026-10-04,2026-09-03 10:33:39,29,1,Bella Bella Riverview,https://www.booking.com/hotel/th/bella-bella-riverview.html,bella-bella-riverview,13.0,2.5649,13.0,0.0,,0.0,8.0,595,Very Good,1.5,"Bangkok Old Town, Bangkok (Riverside)",0,1,0,0,0,0,0,0,None,Hotel,,,,,,,,1.0,1.0,1.0,1.0,1.0,1.0,1.0,1.0,"Samsen 3 Alley, Phra Nakhon, 10200 Bangkok, Thailand",13.76582613,100.49687947
Bangkok,2026-10-03,2026-10-04,2026-09-03 10:33:39,29,1,Bangkok City Inn,https://www.booking.com/hotel/th/bangkok-city-inn.html,bangkok-city-inn,38.0,3.6376,38.0,0.0,,3.0,7.0,531,Good,4.0,"Pathumwan, Bangkok (Pratunam)",0,0,0,0,0,0,1,0,None,Hotel,,,,,,,,1.0,1.0,1.0,1.0,1.0,1.0,1.0,1.0,"43/5 Rajdamri Road, Pathumwan, Pathumwan, 10330 Bangkok, Thailand",13.74864992,100.54162055
Bangkok,2026-10-03,2026-10-04,2026-09-03 10:33:39,29,1,Centara Watergate Pavilion Hotel Bangkok,https://www.booking.com/hotel/th/centara-watergate-pavillion-bangkok.html,centara-watergate-pavillion-bangkok,113.0,4.7274,113.0,0.0,,4.0,8.6,961,Standard,3.9,"Pratunam, Bangkok (Pratunam)",0,0,0,0,0,0,1,0,None,Hotel,,,,,,,,1.0,1.0,1.0,1.0,1.0,1.0,1.0,1.0,"567 Ratchaprarop Rd., Makkasan, Ratchathewi, Pratunam, , Ratchathewi, 10400 Bangkok, Thailand",13.75152882,100.54162055
Bangkok,2026-10-03,2026-10-04,2026-09-03 10:33:39,29,1,S Box Sukhumvit Hotel,https://www.booking.com/hotel/th/s-box-sukhumvit.html,s-box-sukhumvit,53.0,3.9703,53.0,0.0,,3.0,8.1,578,Very Good,7.0,"Wattana, Bangkok (Sukhumvit)",0,0,0,0,0,0,1,0,None,Hotel,,,,,,,,1.0,1.0,1.0,1.0,1.0,1.0,1.0,1.0,"4 Soi Sukhumvit 31, Klongtoey-Nua, Wattana, Wattana, 10110 Bangkok, Thailand",13.73335563,100.56625396
Bangkok,2026-10-03,2026-10-04,2026-09-03 10:33:39,29,1,New Phiman Riverview Guesthouse,https://www.booking.com/hotel/th/phiman-riverview-guesthouse.html,phiman-riverview-guesthouse,17.0,2.8332,17.0,0.0,,1.0,7.9,396,Good,1.5,"Bangkok Old Town, Bangkok (Riverside)",0,1,0,0,0,0,0,0,None,Guesthouse,,,,,,,,1.0,1.0,1.0,1.0,1.0,1.0,1.0,1.0,"123 Samsen Soi 5, Sansen Road, Wat-Sampraya,, Phra Nakhon, 10200 Bangkok, Thailand",13.76703911,100.49761489
Bangkok,2026-10-03,2026-10-04,2026-09-03 10:33:39,29,1,Royal Ivory Sukhumvit Nana,https://www.booking.com/hotel/th/royal-ivory-nana-4.html,royal-ivory-nana-4,46.0,3.8286,46.0,0.0,,3.0,6.6,1312,Standard,5.5,"Khlong Toei, Bangkok (Sukhumvit)",0,1,0,0,0,0,1,0,None,Hotel,,,,,,,,1.0,1.0,1.0,1.0,1.0,1.0,1.0,1.0,"73 Sukhumvit Soi 4, Sukhumvit Road, Klong Toey, Khlong Toei, 10110 Bangkok, Thailand",13.73705319,100.55317685
Bangkok,2026-10-03,2026-10-04,2026-09-03 10:33:39,29,1,The Mulberry Bangkok Khaosan Road,https://www.booking.com/hotel/th/rikka-inn.html,rikka-inn,46.0,3.8286,46.0,0.0,,3.0,7.9,3204,Good,0.8,"Bangkok Old Town, Bangkok (Khaosan)",0,1,0,0,0,0,1,0,None,Hotel,,,,,,,,1.0,1.0,1.0,1.0,1.0,1.0,1.0,1.0,"259 Khaosan Road, Phra Nakorn, Phra Nakhon, 10200 Bangkok, Thailand",13.75851881,100.4983753
Bangkok,2026-10-03,2026-10-04,2026-09-03 10:33:39,29,1,FuramaXclusive Pratunam Park Hotel,https://www.booking.com/hotel/th/pratunam-park.html,pratunam-park,71.0,4.2627,71.0,0.0,,4.0,7.6,216,Good,3.5,"Pratunam, Bangkok (Pratunam)",0,0,0,0,0,0,1,0,None,Hotel,,,,,,,,1.0,1.0,1.0,1.0,1.0,1.0,1.0,1.0,"40/1 Soi. Somprasong 3, Petchburi Road, Ratchathewi, 10400 Bangkok, Thailand",13.75427743,100.53836703
Bangkok,2026-10-03,2026-10-04,2026-09-03 10:33:39,29,1,The Wang Yaowarat Hotel,https://www.booking.com/hotel/th/the-wang-yaowarat.html,the-wang-yaowarat,47.0,3.8501,47.0,0.0,,3.0,9.0,5,Wonderful,1.3,"Bangkok Old Town, Bangkok (Chinatown)",0,0,0,0,0,0,1,0,None,Hotel,,,,,,,,1.0,1.0,1.0,1.0,1.0,1.0,1.0,1.0,"298 Plabplachai Road Pomprab district, 10100 Bangkok, Thailand",13.7457739,100.5113007
Bangkok,2026-10-03,2026-10-04,2026-09-03 10:33:39,29,1,Dynasty Inn,https://www.booking.com/hotel/th/dynasty-inn.html,dynasty-inn,57.0,4.0431,57.0,0.0,,0.0,8.6,1613,Standard,5.4,"Khlong Toei, Bangkok (Sukhumvit)",0,1,0,0,0,0,1,0,None,Hotel,,,,,,,,1.0,1.0,1.0,1.0,1.0,1.0,1.0,1.0,"5/4 Sukhumvit Road Soi 4 Nanatai Klongtoey, Khlong Toei, 10110 Bangkok, Thailand",13.74105258,100.55308529
Bangkok,2026-10-03,2026-10-04,2026-09-03 10:33:39,29,1,Marvin Suites Hotel,https://www.booking.com/hotel/th/marvin-suites.html,marvin-suites,32.0,3.4657,32.0,0.0,,3.0,8.7,1381,Standard,4.7,"Sathorn, Bangkok (Embassy District)",0,0,0,0,0,0,1,0,None,Hotel,,,,,,,,1.0,1.0,1.0,1.0,1.0,1.0,1.0,1.0,"1 Sathorn Soi 11, Sathorn road, Yannawa, Sathorn, 10120 Bangkok, Thailand",13.71906682,100.52658141
Bangkok,2026-10-03,2026-10-04,2026-09-03 10:33:39,29,1,Grande Centre Point Hotel Ratchadamri Bangkok,https://www.booking.com/hotel/th/grande-centre-point-ratchadamri-and-residence.html,grande-centre-point-ratchadamri-and-residence,127.0,4.8442,127.0,0.0,,5.0,8.9,4230,Standard,4.1,"Pathumwan, Bangkok (Siam)",0,0,0,0,0,0,1,0,None,Hotel,,,,,,,,1.0,1.0,1.0,1.0,1.0,1.0,1.0,1.0,"153/2 Soi Mahatlek Luang 1, Ratchadamri Road, Lumpini, Pathumwan, Pathumwan, 10330 Bangkok, Thailand",13.74164922,100.54097146
Bangkok,2026-10-03,2026-10-04,2026-09-03 10:33:39,29,1,Ratchada 17 Place,https://www.booking.com/hotel/th/ratchada-17-place.html,ratchada-17-place,21.0,3.0445,21.0,0.0,,3.0,6.9,439,Standard,7.8,"Din Daeng, Bangkok",0,1,0,0,0,0,1,0,None,Hotel,,,,,,,,1.0,1.0,1.0,1.0,1.0,1.0,1.0,1.0,"368 Soi Intamara 47 Dindeang, Ratchada Rd., Din Daeng, 10400 Bangkok, Thailand",13.78557795,100.57071984
Bangkok,2026-10-03,2026-10-04,2026-09-03 10:33:39,29,1,Pillow & Bread Hostel,https://www.booking.com/hotel/th/pillow-amp-bread.html,pillow-amp-bread,14.0,2.6391,14.0,0.0,,0.0,8.6,2630,Standard,6.3,"Phaya Thai, Bangkok",0,1,0,0,0,0,1,0,None,Hostel,,,,,,,,1.0,1.0,1.0,1.0,1.0,1.0,1.0,1.0,"4 Intamara 3, Sutthisarn-Vinijchai Road, Samsen Nai, Phaya Thai, Bangkok 10400, Phaya Thai, 10400 Bangkok, Thailand",13.7895389,100.55293813
Bangkok,2026-10-03,2026-10-04,2026-09-03 10:33:39,29,1,HOP INN Bangkok Krung Thonburi Station,https://www.booking.com/hotel/th/hop-inn-bangkok-krung-thonburi-station.html,hop-inn-bangkok-krung-thonburi-station,38.0,3.6376,38.0,0.0,,2.0,8.8,581,Standard,3.8,Bangkok,0,1,0,0,0,0,1,0,None,Hotel,,,,,,,,1.0,1.0,1.0,1.0,1.0,1.0,1.0,1.0,"89/1 Krung Thonburi Road, Khlong Ton Sai Sub District, Khlong San District, Khlong San, 10600 Bangkok, Thailand",13.72150908,100.50379027
Bangkok,2026-10-03,2026-10-04,2026-09-03 10:33:39,29,1,Tinidee Trendy Bangkok Khaosan,https://www.booking.com/hotel/th/tinidee-trendy-bangkok-khaosan.html,tinidee-trendy-bangkok-khaosan,53.0,3.9703,53.0,0.0,,4.0,8.8,6122,Standard,1.0,"Bangkok Old Town, Bangkok (Khaosan)",0,1,0,0,0,0,1,0,None,Hotel,,,,,,,,1.0,1.0,1.0,1.0,1.0,1.0,1.0,1.0,"42 Soi Rambuttri Tani, Taladyod Phra Nakhon, Phra Nakhon, 10200 Bangkok, Thailand",13.75984688,100.497699
Bangkok,2026-10-03,2026-10-04,2026-09-03 10:33:39,29,1,Chest's Place,https://www.booking.com/hotel/th/chests-place.html,chests-place,19.0,2.9444,19.0,0.0,,0.0,8.9,293,Standard,0.6,"Bangkok Old Town, Bangkok (Khaosan)",0,0,0,0,0,0,1,0,None,Hotel,,,,,,,,1.0,1.0,1.0,1.0,1.0,1.0,1.0,1.0,"41 Dinso Road, Phra Nakhon, 10200 Bangkok, Thailand",13.7559519,100.5005188
Bangkok,2026-10-03,2026-10-04,2026-09-03 10:33:39,29,1,Skyline Suites Sukhumvit 11,https://www.booking.com/hotel/th/hyde-sukhumvit-11-by-lefoyer.html,hyde-sukhumvit-11-by-lefoyer,63.0,4.1431,63.0,0.0,18.0,4.0,7.8,1712,Good,5.7,"Wattana, Bangkok (Sukhumvit)",0,0,0,0,0,0,1,0,None,Apartment,,,,,,,,1.0,1.0,1.0,1.0,1.0,1.0,1.0,1.0,"27 Soi Sukhumvit 11, Wattana, 10110 Bangkok, Thailand",13.74365311,100.55645988
Tokyo,2026-10-03,2026-10-04,2026-09-03 10:34:59,29,1,若浅草和心ホテル,https://www.booking.com/hotel/jp/hua-zhu-qian-cao-he-xin-hoteru.html,hua-zhu-qian-cao-he-xin-hoteru,188.0,5.2364,188.0,0.0,,4.0,8.2,956,Very Good,7.0,"Taito, Tokyo (Asakusa)",0,1,0,0,0,0,0,0,None,Hotel,,,,,,,,,,,,,,,,,,
Tokyo,2026-10-03,2026-10-04,2026-09-03 10:34:59,29,1,OCICA OSHIAGE TOKYO by R HOTEL,https://www.booking.com/hotel/jp/ocica-oshiage-tokyo.html,ocica-oshiage-tokyo,131.0,4.8752,131.0,0.0,,1.0,8.7,760,Standard,8.1,"Sumida Ward, Tokyo",0,0,0,0,0,0,1,0,None,Hotel,,,,,,,,,,,,,,,,,,
Tokyo,2026-10-03,2026-10-04,2026-09-03 10:34:59,29,1,Bigtree旅館,https://www.booking.com/hotel/jp/bigtreelu-guan-toshima-city.html,bigtreelu-guan-toshima-city,153.0,5.0304,153.0,0.0,,0.0,,0,No reviews,5.3,"Toshima, Tokyo",0,0,0,0,0,0,1,0,None,Apartment,,,,,,,,,,,,,,,,,,
Tokyo,2026-10-03,2026-10-04,2026-09-03 10:34:59,29,1,Keisei Richmond Hotel Tokyo Kinshicho,https://www.booking.com/hotel/jp/jing-cheng-ritutimondohoterudong-jing-jin-mi-ting.html,jing-cheng-ritutimondohoterudong-jing-jin-mi-ting,204.0,5.3181,204.0,0.0,,3.0,8.8,1630,Standard,7.7,"Sumida Ward, Tokyo",0,0,0,0,0,0,1,0,None,Hotel,,,,,,,,,,,,,,,,,,
Tokyo,2026-10-03,2026-10-04,2026-09-03 10:34:59,29,1,Mikami Asakusabashi Hotel,https://www.booking.com/hotel/jp/dou-qian-cao-qiao-hoteru.html,dou-qian-cao-qiao-hoteru,193.0,5.2627,193.0,0.0,,2.0,8.2,1079,Very Good,5.2,"Taito, Tokyo (Akihabara)",0,1,0,0,0,0,1,0,None,Hotel,,,,,,,,,,,,,,,,,,
Tokyo,2026-10-03,2026-10-04,2026-09-03 10:34:59,29,1,ONE@Tokyo by insomnia,https://www.booking.com/hotel/jp/one-tokyo.html,one-tokyo,202.0,5.3083,202.0,0.0,,3.0,8.9,4014,Standard,8.3,"Sumida Ward, Tokyo",0,0,0,0,0,0,1,0,None,Hotel,,,,,,,,,,,,,,,,,,
Tokyo,2026-10-03,2026-10-04,2026-09-03 10:34:59,29,1,"A spacious home near Ikebukuro Station on the JR Yamanote Line, the world's third-most-used railway station, just a 5 minute walk from the shopping and entertainment district",https://www.booking.com/hotel/jp/a-spacious-home-near-ikebukuro-station-on-the-jr-yamanote-line-the-worlds-third.html,a-spacious-home-near-ikebukuro-station-on-the-jr-yamanote-line-the-worlds-third,191.0,5.2523,191.0,0.0,125.0,0.0,10.0,0,Exceptional,5.6,"Toshima, Tokyo (Ikebukuro)",0,0,0,0,0,0,1,0,None,Hotel,,,,,,,,,,,,,,,,,,
Tokyo,2026-10-03,2026-10-04,2026-09-03 10:34:59,29,1,Hotel Trend Asakusa Tawaramachi,https://www.booking.com/hotel/jp/hoterutorendoqian-cao-tian-yuan-ting.html,hoterutorendoqian-cao-tian-yuan-ting,143.0,4.9628,143.0,0.0,,2.0,7.8,1049,Good,6.0,"Taito, Tokyo (Asakusa)",0,0,0,0,0,0,1,0,None,Hotel,,,,,,,,,,,,,,,,,,
Tokyo,2026-10-03,2026-10-04,2026-09-03 10:34:59,29,1,ホテルサーブ渋谷,https://www.booking.com/hotel/jp/hoterusabushibui-gu.html,hoterusabushibui-gu,211.0,5.3519,211.0,0.0,,3.0,7.3,87,Good,5.6,"Meguro Ward, Tokyo",0,1,0,0,0,0,0,0,None,Hotel,,,,,,,,,,,,,,,,,,
Tokyo,2026-10-03,2026-10-04,2026-09-03 10:34:59,29,1,Hotel Metropolitan Tokyo Ikebukuro,https://www.booking.com/hotel/jp/metropolitan-tokyo.html,metropolitan-tokyo,422.0,6.045,422.0,0.0,,4.0,8.8,3050,Standard,5.1,"Toshima, Tokyo (Ikebukuro)",0,1,0,0,0,0,1,0,None,Hotel,,,,,,,,,,,,,,,,,,
Tokyo,2026-10-03,2026-10-04,2026-09-03 10:34:59,29,1,JR Kyushu Hotel Blossom Shinjuku,https://www.booking.com/hotel/jp/jr-kyushu-blossom-shinjuku.html,jr-kyushu-blossom-shinjuku,472.0,6.157,472.0,0.0,,4.0,8.8,5950,Standard,2.8,"Shibuya Ward, Tokyo (Shinjuku Area)",0,1,0,0,0,0,1,0,None,Hotel,,,,,,,,,,,,,,,,,,
Tokyo,2026-10-03,2026-10-04,2026-09-03 10:34:59,29,1,Centurion Hotel Ueno,https://www.booking.com/hotel/jp/centurion-ueno.html,centurion-ueno,159.0,5.0689,159.0,0.0,,3.0,7.2,1211,Good,4.5,"Taito, Tokyo (Ueno)",0,1,0,0,0,0,1,0,None,Hotel,,,,,,,,,,,,,,,,,,
Tokyo,2026-10-03,2026-10-04,2026-09-03 10:34:59,29,1,HOTEL METROPOLITAN OIMACHI TRACKS Tokyo,https://www.booking.com/hotel/jp/metropolitan-oimachi-tracks-tokyo.html,metropolitan-oimachi-tracks-tokyo,302.0,5.7104,302.0,0.0,,4.0,9.2,291,Wonderful,8.7,"Shinagawa Ward, Tokyo (Shinagawa Area)",0,1,0,0,0,0,1,0,None,Hotel,,,,,,,,,,,,,,,,,,
Tokyo,2026-10-03,2026-10-04,2026-09-03 10:34:59,29,1,Hotel Route-Inn Grand Tokyo Toyocho,https://www.booking.com/hotel/jp/route-inn-tokyo-toyocho.html,route-inn-tokyo-toyocho,190.0,5.247,190.0,0.0,,3.0,8.1,96,Very Good,8.1,"Koto Ward, Tokyo",0,1,0,0,0,0,1,0,None,Hotel,,,,,,,,,,,,,,,,,,
Tokyo,2026-10-03,2026-10-04,2026-09-03 10:34:59,29,1,Vessel Inn Takadanobaba Station,https://www.booking.com/hotel/jp/betuseruingao-tian-ma-chang-yi-qian.html,betuseruingao-tian-ma-chang-yi-qian,239.0,5.4765,239.0,0.0,,4.0,8.9,378,Standard,3.7,"Shinjuku Ward, Tokyo",1,1,0,0,0,0,1,0,None,Hotel,,,,,,,,,,,,,,,,,,
Tokyo,2026-10-03,2026-10-04,2026-09-03 10:34:59,29,1,Centurion Hotel Ikebukuro Station,https://www.booking.com/hotel/jp/centurion-ikebukuro.html,centurion-ikebukuro,220.0,5.3936,220.0,0.0,,3.0,8.1,1745,Very Good,5.3,"Toshima, Tokyo (Ikebukuro)",0,1,0,0,0,0,0,0,None,Hotel,,,,,,,,,,,,,,,,,,
Tokyo,2026-10-03,2026-10-04,2026-09-03 10:34:59,29,1,PLAZA SINJUKU Cozy Mansion #2,https://www.booking.com/hotel/jp/plaza-sinjuku-cozy-mansion-4.html,plaza-sinjuku-cozy-mansion-4,87.0,4.4659,87.0,0.0,25.0,0.0,6.2,98,Standard,3.5,"Shinjuku Ward, Tokyo (Shinjuku Area)",0,0,0,0,0,0,0,0,None,Hotel,,,,,,,,,,,,,,,,,,
Tokyo,2026-10-03,2026-10-04,2026-09-03 10:34:59,29,1,"HOTEL GROOVE SHINJUKU, A PARKROYAL Hotel",https://www.booking.com/hotel/jp/groove-shinjuku-a-parkroyal.html,groove-shinjuku-a-parkroyal,446.0,6.1003,446.0,0.0,3.0,4.0,9.0,3019,Wonderful,2.8,"Shinjuku Ward, Tokyo (Shinjuku Area)",0,1,0,0,0,0,1,0,None,Hotel,,,,,,,,,,,,,,,,,,
Tokyo,2026-10-03,2026-10-04,2026-09-03 10:34:59,29,1,タスキスマート池袋一号館Tasuki Smart Ikebukuro1,https://www.booking.com/hotel/jp/japan-house-ikebukuro-1.html,japan-house-ikebukuro-1,121.0,4.7958,121.0,0.0,35.0,0.0,8.7,185,Standard,5.7,"Toshima, Tokyo (Ikebukuro)",0,0,0,0,0,0,1,0,None,Hotel,,,,,,,,,,,,,,,,,,
Tokyo,2026-10-03,2026-10-04,2026-09-03 10:34:59,29,1,Hinode Kagurazakaekimae Hotel,https://www.booking.com/hotel/jp/ri-nochu-shen-le-ban-yi-qian-hoteru.html,ri-nochu-shen-le-ban-yi-qian-hoteru,193.0,5.2627,193.0,0.0,,3.0,8.2,380,Very Good,2.1,"Shinjuku Ward, Tokyo (Iidabashi)",0,1,0,0,0,0,1,0,None,Hotel,,,,,,,,,,,,,,,,,,
Tokyo,2026-10-03,2026-10-04,2026-09-03 10:34:59,29,1,Japan House 御徒町,https://www.booking.com/hotel/jp/japan-house-yu-tu-ting.html,japan-house-yu-tu-ting,200.0,5.2983,200.0,0.0,38.0,0.0,9.2,292,Wonderful,5.0,"Taito, Tokyo (Ueno)",0,1,0,0,0,0,1,0,None,Apartment,,,,,,,,,,,,,,,,,,
Tokyo,2026-10-03,2026-10-04,2026-09-03 10:34:59,29,1,&Here TOKYO UENO,https://www.booking.com/hotel/jp/amp-here-tokyo-ueno.html,amp-here-tokyo-ueno,426.0,6.0544,426.0,0.0,,4.0,8.7,1749,Standard,4.5,"Taito, Tokyo (Ueno)",0,1,0,0,0,0,1,0,None,Hotel,,,,,,,,,,,,,,,,,,
Tokyo,2026-10-03,2026-10-04,2026-09-03 10:34:59,29,1,APA Hotel Nishiazabu,https://www.booking.com/hotel/jp/apa-hotel-nishiazabu.html,apa-hotel-nishiazabu,158.0,5.0626,158.0,0.0,,3.0,7.4,1914,Good,3.3,"Minato, Tokyo (Azabu)",0,1,0,0,0,0,0,0,None,Hotel,,,,,,,,,,,,,,,,,,
Tokyo,2026-10-03,2026-10-04,2026-09-03 10:34:59,29,1,Hotel Matsunoi Shurin,https://www.booking.com/hotel/jp/hoterusong-nojing-jiu-lin.html,hoterusong-nojing-jiu-lin,247.0,5.5094,247.0,0.0,,0.0,9.5,562,Exceptional,3.1,"Shinjuku Ward, Tokyo (Shinjuku Area)",0,1,0,0,0,0,0,0,None,Hotel,,,,,,,,,,,,,,,,,,
Tokyo,2026-10-03,2026-10-04,2026-09-03 10:34:59,29,1,&Here SHINJUKU,https://www.booking.com/hotel/jp/amp-here-shinjuku.html,amp-here-shinjuku,728.0,6.5903,728.0,0.0,,4.0,9.2,528,Wonderful,2.0,"Shinjuku Ward, Tokyo (Shinjuku Area)",0,1,0,0,0,0,1,0,None,Hotel,,,,,,,,0.0,0.0,0.0,0.0,0.0,0.0,0.0,1.0,,,
Tokyo,2026-10-03,2026-10-04,2026-09-03 10:34:59,29,1,the Moto Hotel Ueno III,https://www.booking.com/hotel/jp/the-moto-iii.html,the-moto-iii,180.0,5.193,180.0,0.0,,0.0,,0,No reviews,5.9,"Taito, Tokyo (Ueno)",0,0,0,0,0,0,1,0,None,Apartment,,,,,,,,0.0,0.0,0.0,0.0,0.0,0.0,0.0,1.0,,,
Tokyo,2026-10-03,2026-10-04,2026-09-03 10:34:59,29,1,Hotel Comfybed Ginza,https://www.booking.com/hotel/jp/comfybed-ginza-chuo-city.html,comfybed-ginza-chuo-city,149.0,5.0039,149.0,0.0,,3.0,6.9,529,Standard,4.2,"Chuo Ward, Tokyo (Tsukiji)",0,1,0,0,0,0,1,0,None,Hotel,,,,,,,,1.0,0.0,0.0,0.0,0.0,0.0,0.0,1.0,,,
Tokyo,2026-10-03,2026-10-04,2026-09-03 10:34:59,29,1,THE TOURIST HOTEL & Cafe AKIHABARA,https://www.booking.com/hotel/jp/the-tourist-amp-cafe-akihabara.html,the-tourist-amp-cafe-akihabara,231.0,5.4424,231.0,0.0,,3.0,8.7,3816,Standard,4.6,"Taito, Tokyo (Akihabara)",0,1,0,0,0,0,1,0,None,Hotel,,,,,,,,1.0,0.0,0.0,0.0,0.0,0.0,0.0,1.0,,,
Tokyo,2026-10-03,2026-10-04,2026-09-03 10:34:59,29,1,Hotel New Takada,https://www.booking.com/hotel/jp/hoteruniyugao-tian.html,hoteruniyugao-tian,164.0,5.0999,164.0,0.0,,2.0,8.4,716,Very Good,3.9,"Shinjuku Ward, Tokyo",0,1,0,0,0,0,1,0,None,Hotel,,,,,,,,1.0,1.0,1.0,1.0,1.0,1.0,1.0,1.0,"169-0075 Tokyo-to, Shinjuku-ku Takadanobaba 3-2-8, Japan",35.714118,139.702999
Tokyo,2026-10-03,2026-10-04,2026-09-03 10:34:59,29,1,The Royal Park Canvas - Ginza 8,https://www.booking.com/hotel/jp/the-royal-park-canvas-tokyo-ginza.html,the-royal-park-canvas-tokyo-ginza,466.0,6.1442,466.0,0.0,,4.0,8.8,1791,Standard,3.6,"Chuo Ward, Tokyo (Ginza)",0,1,0,0,0,0,1,0,None,Hotel,,,,,,,,1.0,1.0,1.0,1.0,1.0,1.0,1.0,1.0,"104-0061 Tokyo-to, Chuo-ku, Ginza 8-9-4, Japan",35.66828038,139.76245373
Tokyo,2026-10-03,2026-10-04,2026-09-03 10:34:59,29,1,APA Hotel Shinjuku Kabukicho Tower,https://www.booking.com/hotel/jp/apa-hotel-shinjuku-kabukicho-tower.html,apa-hotel-shinjuku-kabukicho-tower,272.0,5.6058,272.0,0.0,,3.0,7.9,8121,Good,2.8,"Shinjuku Ward, Tokyo (Shinjuku Area)",0,1,0,0,0,0,1,0,None,Hotel,,,,,,,,1.0,1.0,1.0,1.0,1.0,1.0,1.0,1.0,"160-0021 Tokyo-to, Shinjuku-ku, Kabukicho 1-20-2, Japan",35.69607754,139.701249
Tokyo,2026-10-03,2026-10-04,2026-09-03 10:34:59,29,1,ONSEN RYOKAN YUEN SHINJUKU,https://www.booking.com/hotel/jp/onsen-ryokan-yuen-shinjuku.html,onsen-ryokan-yuen-shinjuku,328.0,5.793,328.0,0.0,,3.0,8.9,3325,Standard,1.8,"Shinjuku Ward, Tokyo (Shinjuku Area)",0,0,0,0,0,0,0,0,None,Hotel,,,,,,,,1.0,1.0,1.0,1.0,1.0,1.0,1.0,1.0,"160-0022 Tokyo-to, Shinjuku 5-3-18, Japan",35.6931209,139.71113117
Tokyo,2026-10-03,2026-10-04,2026-09-03 10:34:59,29,1,Business Hotel Kankokukan,https://www.booking.com/hotel/jp/bizinesuhoteruhan-guo-guan.html,bizinesuhoteruhan-guo-guan,78.0,4.3567,78.0,0.0,,0.0,7.2,742,Good,5.8,"Toshima, Tokyo (Ikebukuro)",0,0,0,0,0,0,1,0,None,Hotel,,,,,,,,1.0,1.0,1.0,1.0,1.0,1.0,1.0,1.0,"171-0014 Tokyo-to, Toshima-ku, Ikebukuro 2-69-11 Business Hotel Kankokukan, Japan",35.73558542,139.70903105
Tokyo,2026-10-03,2026-10-04,2026-09-03 10:34:59,29,1,Tobu Hotel Levant Tokyo,https://www.booking.com/hotel/jp/tobu-levant-tokyo.html,tobu-levant-tokyo,289.0,5.6664,289.0,0.0,,4.0,8.8,5887,Standard,7.4,"Sumida Ward, Tokyo",0,1,0,0,0,0,1,0,None,Hotel,,,,,,,,1.0,1.0,1.0,1.0,1.0,1.0,1.0,1.0,"130-0013 Tokyo-to, Sumida-ku Kinshi 1-2-2, Japan",35.69679016,139.81086642
Tokyo,2026-10-03,2026-10-04,2026-09-03 10:34:59,29,1,Keio Presso Inn Hamamatsucho,https://www.booking.com/hotel/jp/jing-wang-puretusoinbang-song-ting.html,jing-wang-puretusoinbang-song-ting,202.0,5.3083,202.0,0.0,,3.0,8.4,1684,Very Good,3.6,"Minato, Tokyo (Shiba)",0,1,0,0,0,0,1,0,None,Hotel,,,,,,,,1.0,1.0,1.0,1.0,1.0,1.0,1.0,1.0,"105-0012 Tokyo-to, Minato-ku Shibadaimon 1-1-26, Japan",35.65931894,139.75270606
Tokyo,2026-10-03,2026-10-04,2026-09-03 10:34:59,29,1,Hotel Trend Asakusa,https://www.booking.com/hotel/jp/trend-asakusa.html,trend-asakusa,166.0,5.112,166.0,0.0,,3.0,6.8,318,Standard,6.4,"Taito, Tokyo (Asakusa)",0,1,0,0,0,0,1,0,None,Hotel,,,,,,,,1.0,1.0,1.0,1.0,1.0,1.0,1.0,1.0,"111-0032 Tokyo-to, Daito-ku Asakusa 1-12-9, Japan",35.71204682,139.79305396
Tokyo,2026-10-03,2026-10-04,2026-09-03 10:34:59,29,1,Tabist HOTEL UENO 39,https://www.booking.com/hotel/jp/tabist-ueno-39.html,tabist-ueno-39,194.0,5.2679,194.0,0.0,,3.0,8.0,394,Very Good,5.0,"Taito, Tokyo (Ueno)",0,1,0,0,0,0,1,0,None,Hotel,,,,,,,,1.0,1.0,1.0,1.0,1.0,1.0,1.0,1.0,"110-0005 Tokyo-to, 〒110-0005 東京都台東区上野６丁目８−１１, Japan",35.710041,139.7756725
Tokyo,2026-10-03,2026-10-04,2026-09-03 10:34:59,29,1,HOTEL MYSTAYS Kameido,https://www.booking.com/hotel/jp/weekly-mansion-kameido.html,weekly-mansion-kameido,124.0,4.8203,124.0,0.0,,3.0,7.4,2475,Good,9.0,"Koto Ward, Tokyo",0,1,0,0,0,0,0,0,None,Hotel,,,,,,,,1.0,1.0,1.0,1.0,1.0,1.0,1.0,1.0,"136-0071 Tokyo-to, Koto-ku Kameido 6-32-1 , Japan",35.69419599,139.82854687
Tokyo,2026-10-03,2026-10-04,2026-09-03 10:34:59,29,1,APA Hotel Komagome Ekimae,https://www.booking.com/hotel/jp/apahoteru-ju-ip-yi-qian.html,apahoteru-ju-ip-yi-qian,158.0,5.0626,158.0,0.0,,3.0,8.2,1433,Very Good,6.0,"Toshima, Tokyo",0,1,0,0,0,0,1,0,None,Hotel,,,,,,,,1.0,1.0,1.0,1.0,1.0,1.0,1.0,1.0,"170-0003 Tokyo-to, Toshima-ku Komagome 3-23-15, Japan",35.738484,139.745666
Tokyo,2026-10-03,2026-10-04,2026-09-03 10:34:59,29,1,TokyoNEST Nippori,https://www.booking.com/hotel/jp/tokyonest-nippori.html,tokyonest-nippori,231.0,5.4424,231.0,0.0,,3.0,9.1,1328,Wonderful,6.2,"Arakawa, Tokyo",0,1,0,0,0,0,0,0,None,Hotel,,,,,,,,1.0,1.0,1.0,1.0,1.0,1.0,1.0,1.0,"116-0014 Tokyo-to, 荒川区東日暮里6-55-10 トウキョウネスト日暮里, Japan",35.729396,139.773398
Tokyo,2026-10-03,2026-10-04,2026-09-03 10:34:59,29,1,APA Hotel & Resort Nishishinjuku Gochome Ekimae Tower - Formerly APA Hotel & Resort Nishishinjuku Gochome Eki Tower,https://www.booking.com/hotel/jp/apa-tokyo-nishishinjuku-gochome-eki-tower.html,apa-tokyo-nishishinjuku-gochome-eki-tower,228.0,5.4293,228.0,0.0,,3.0,8.3,7337,Very Good,4.2,"Shibuya Ward, Tokyo (Shinjuku Area)",0,1,0,0,0,0,1,0,None,Resort,,,,,,,,1.0,1.0,1.0,1.0,1.0,1.0,1.0,1.0,"151-0071 Tokyo-to, Shibuya-ku Honmachi 3-14-1, Japan",35.68987031,139.68344057
Tokyo,2026-10-03,2026-10-04,2026-09-03 10:34:59,29,1,AN Yado,https://www.booking.com/hotel/jp/zaito-sumida-tatekawa-1.html,zaito-sumida-tatekawa-1,91.0,4.5109,91.0,0.0,,0.0,,0,No reviews,6.4,"Sumida Ward, Tokyo",0,0,0,0,0,0,1,0,None,Hotel,,,,,,,,1.0,1.0,1.0,1.0,1.0,1.0,1.0,1.0,"130-0023 Tokyo-to, 1 Chome-5-10 Tatekawa, Japan",35.69056256,139.80037964
Tokyo,2026-10-03,2026-10-04,2026-09-03 10:34:59,29,1,HOTEL MYSTAYS Kanda,https://www.booking.com/hotel/jp/flexstay-kanda-inn.html,flexstay-kanda-inn,166.0,5.112,166.0,0.0,,3.0,8.3,1723,Very Good,4.2,"Chiyoda, Tokyo (Kanda)",0,1,0,0,0,0,1,0,None,Hotel,,,,,,,,1.0,1.0,1.0,1.0,1.0,1.0,1.0,1.0,"101-0032 Tokyo-to, Chiyoda-ku Iwamoto-cho 1-2-2 , Japan",35.69144471,139.77511056
Tokyo,2026-10-03,2026-10-04,2026-09-03 10:34:59,29,1,HOTEL SUI KANDA by ABEST,https://www.booking.com/hotel/jp/ici-kandaekimae-by-relief.html,ici-kandaekimae-by-relief,172.0,5.1475,172.0,0.0,,3.0,8.5,2399,Very Good,4.0,"Chiyoda, Tokyo (Kanda)",0,1,0,0,0,0,1,0,None,Hotel,,,,,,,,1.0,1.0,1.0,1.0,1.0,1.0,1.0,1.0,"101-0044 Tokyo-to, Chiyoda-ku Kaji-cho 1-9, Japan",35.69069468,139.77325004
Tokyo,2026-10-03,2026-10-04,2026-09-03 10:34:59,29,1,Hotel Asian Color (Adult Only),https://www.booking.com/hotel/jp/asian-color.html,asian-color,101.0,4.6151,101.0,0.0,,0.0,9.1,517,Wonderful,10.5,"Edogawa, Tokyo",0,1,0,0,0,0,0,0,None,Hotel,,,,,,,,1.0,1.0,1.0,1.0,1.0,1.0,1.0,1.0,"132-0035 Tokyo-to, Edogawa-ku Hirai 5-23-11, Japan",35.707258,139.84311
Tokyo,2026-10-03,2026-10-04,2026-09-03 10:34:59,29,1,New Happy Smile-24 hour Self Check In Budget Close to the airport,https://www.booking.com/hotel/jp/hatupi-sumairu-anetukusu.html,hatupi-sumairu-anetukusu,79.0,4.3694,79.0,0.0,,0.0,8.5,13,Very Good,11.6,"Ota Ward, Tokyo",0,0,0,0,0,0,0,0,None,Hotel,,,,,,,,1.0,1.0,1.0,1.0,1.0,1.0,1.0,1.0,"143-0024 Tokyo-to, 大田区中央1丁目3-15, Japan",35.58206715,139.71877235
Tokyo,2026-10-03,2026-10-04,2026-09-03 10:34:59,29,1,HOTEL MYSTAYS Kamata,https://www.booking.com/hotel/jp/mystays-inn-kamata.html,mystays-inn-kamata,122.0,4.804,122.0,0.0,,3.0,8.2,1428,Very Good,14.1,"Ota Ward, Tokyo (Kamata)",0,1,0,0,0,0,0,0,None,Hotel,,,,,,,,1.0,1.0,1.0,1.0,1.0,1.0,1.0,1.0,"144-0052 Tokyo-to, Ota-ku Kamata 5-46-5, Japan",35.56003839,139.71601546
Tokyo,2026-10-03,2026-10-04,2026-09-03 10:34:59,29,1,Hotel Will池袋 Adult Only,https://www.booking.com/hotel/jp/hoteruwill.html,hoteruwill,104.0,4.6444,104.0,0.0,,0.0,6.3,192,Standard,5.7,"Toshima, Tokyo (Ikebukuro)",0,1,0,0,0,0,0,0,None,Hotel,,,,,,,,1.0,1.0,1.0,1.0,1.0,1.0,1.0,1.0,"170-0014 Tokyo-to, 豊島区池袋1-7-31, Japan",35.735167,139.712399
Tokyo,2026-10-03,2026-10-04,2026-09-03 10:34:59,29,1,Hamacho Hotel Tokyo,https://www.booking.com/hotel/jp/hamacho.html,hamacho,272.0,5.6058,272.0,0.0,,3.0,9.1,2041,Wonderful,5.4,"Chuo Ward, Tokyo (Nihonbashi)",0,0,0,0,0,0,1,0,None,Hotel,,,,,,,,1.0,1.0,1.0,1.0,1.0,1.0,1.0,1.0,"103-0007 Tokyo-to, 3 Chome-20-2 Nihonbashihamacho Chuo-ku, Japan",35.684658,139.789396
Tokyo,2026-10-03,2026-10-04,2026-09-03 10:34:59,29,1,APA Hotel Shimbashi Toranomon,https://www.booking.com/hotel/jp/apa-shinbashi-toranomon.html,apa-shinbashi-toranomon,193.0,5.2627,193.0,0.0,,3.0,7.5,1342,Good,3.0,"Minato, Tokyo (Shinbashi)",0,1,0,0,0,0,1,0,None,Hotel,,,,,,,,1.0,1.0,1.0,1.0,1.0,1.0,1.0,1.0,"105-0003 Tokyo-to, Minato-ku Nishishinbashi 2-6-9, Japan",35.66684331,139.75317809
Singapore,2026-10-03,2026-10-04,2026-09-03 10:38:03,29,1,Changi Transit Hotel Terminal 1,https://www.booking.com/hotel/sg/aerotel-singapore.html,aerotel-singapore,180.0,5.193,180.0,0.0,36.0,3.0,8.1,5625,Very Good,17.3,"Changi, Singapore",0,1,0,0,0,0,0,0,None,Hotel,,,,,,,,0.0,0.0,0.0,0.0,0.0,0.0,0.0,1.0,,,
Singapore,2026-10-03,2026-10-04,2026-09-03 10:38:03,29,1,ibis budget Singapore Jasmine,https://www.booking.com/hotel/sg/ibis-budget-singapore-jasmine.html,ibis-budget-singapore-jasmine,107.0,4.6728,107.0,0.0,21.0,2.0,8.3,9,Very Good,3.5,"Geylang, Singapore",0,1,0,0,0,0,0,0,None,Hotel,,,,,,,,0.0,0.0,0.0,0.0,0.0,0.0,0.0,1.0,,,
Singapore,2026-10-03,2026-10-04,2026-09-03 10:38:03,29,1,Marina Bay Sands,https://www.booking.com/hotel/sg/marina-bay-sands.html,marina-bay-sands,1023.0,6.9305,1023.0,0.0,204.0,5.0,9.6,15838,Exceptional,1.2,"Marina Bay, Singapore",0,1,0,0,0,0,1,0,None,Hotel,,,,,,,,0.0,0.0,0.0,0.0,0.0,0.0,0.0,1.0,,,
Singapore,2026-10-03,2026-10-04,2026-09-03 10:38:03,29,1,Orchard Rendezvous Hotel by Far East Hospitality,https://www.booking.com/hotel/sg/orchard-parade.html,orchard-parade,214.0,5.366,214.0,0.0,43.0,4.0,8.1,2482,Very Good,3.3,"Orchard, Singapore (Tanglin)",0,0,0,0,0,0,0,0,None,Hotel,,,,,,,,0.0,0.0,0.0,0.0,0.0,0.0,0.0,1.0,,,
Singapore,2026-10-03,2026-10-04,2026-09-03 10:38:03,29,1,ibis budget Singapore Dahlia,https://www.booking.com/hotel/sg/ibis-budget-singapore-dahlia.html,ibis-budget-singapore-dahlia,114.0,4.7362,114.0,0.0,23.0,2.0,7.9,7,Good,4.1,"Geylang, Singapore (Red Light District)",0,1,0,0,0,0,1,0,None,Hotel,,,,,,,,1.0,1.0,1.0,1.0,1.0,1.0,1.0,1.0,"No. 10, Lorong 20 Geylang, 398730 Singapore, Singapore",1.31229817,103.88124436
Singapore,2026-10-03,2026-10-04,2026-09-03 10:38:03,29,1,V Hotel Lavender,https://www.booking.com/hotel/sg/v-lavender.html,v-lavender,216.0,5.3753,216.0,0.0,43.0,4.0,7.7,5811,Good,2.2,"Lavender, Singapore",0,0,0,0,0,0,1,0,None,Hotel,,,,,,,,1.0,1.0,1.0,1.0,1.0,1.0,1.0,1.0,"70 Jellicoe Road, Lavender, 208767 Singapore, Singapore",1.3076243,103.86260033
Singapore,2026-10-03,2026-10-04,2026-09-03 10:38:03,29,1,Hotel Mi Rochor,https://www.booking.com/hotel/sg/mi-rochor.html,mi-rochor,223.0,5.4072,223.0,0.0,44.0,4.0,8.3,6872,Very Good,1.5,"Bencoolen, Singapore",0,0,0,0,0,0,1,0,None,Hotel,,,,,,,,1.0,1.0,1.0,1.0,1.0,1.0,1.0,1.0,"89 Short Street, Bencoolen, 188216 Singapore, Singapore",1.3039302,103.8512903
Singapore,2026-10-03,2026-10-04,2026-09-03 10:38:03,29,1,The Sultan,https://www.booking.com/hotel/sg/the-sultan.html,the-sultan,188.0,5.2364,188.0,0.0,17.0,3.0,8.4,618,Very Good,1.7,"Kampong Glam, Singapore",0,0,0,0,0,0,1,0,None,Hotel,,,,,,,,1.0,1.0,1.0,1.0,1.0,1.0,1.0,1.0,"101 Jalan Sultan, #01-01, Kampong Glam, 199002 Singapore, Singapore",1.30314349,103.86098832
Singapore,2026-10-03,2026-10-04,2026-09-03 10:38:03,29,1,Hotel Boss,https://www.booking.com/hotel/sg/boss.html,boss,153.0,5.0304,153.0,0.0,31.0,4.0,7.5,11572,Good,1.9,"Kallang, Singapore",1,1,0,0,0,0,1,0,None,Hotel,,,,,,,,1.0,1.0,1.0,1.0,1.0,1.0,1.0,1.0,"500 Jalan Sultan Road, 199020 Singapore, Singapore",1.30540901,103.86040097
Singapore,2026-10-03,2026-10-04,2026-09-03 10:38:03,29,1,The Snooze Hotel at Bugis,https://www.booking.com/hotel/sg/marrison.html,marrison,94.0,4.5433,94.0,0.0,19.0,3.0,6.4,281,Standard,1.0,"Bugis, Singapore",0,0,0,0,0,0,1,0,None,Hotel,,,,,,,,1.0,1.0,1.0,1.0,1.0,1.0,1.0,1.0,"103 Beach Road, 189704 Singapore, Singapore",1.29783677,103.85722786
Singapore,2026-10-03,2026-10-04,2026-09-03 10:38:03,29,1,D'Resort @ Downtown East,https://www.booking.com/hotel/sg/d-39-resort-downtown-east.html,d-39-resort-downtown-east,282.0,5.6419,282.0,0.0,25.0,4.0,8.0,4022,Very Good,15.2,Singapore,0,1,0,0,0,0,0,0,None,Resort,,,,,,,,1.0,1.0,1.0,1.0,1.0,1.0,1.0,1.0,"1 Pasir Ris Close, 519599 Singapore, Singapore",1.37990496,103.95503896
Singapore,2026-10-03,2026-10-04,2026-09-03 10:38:03,29,1,Amara Singapore,https://www.booking.com/hotel/sg/amara-singapore.html,amara-singapore,250.0,5.5215,250.0,0.0,50.0,5.0,8.7,3773,Standard,2.0,"Downtown Singapore, Singapore (Shenton Way)",0,0,0,0,0,0,1,0,None,Hotel,,,,,,,,1.0,1.0,1.0,1.0,1.0,1.0,1.0,1.0,"165 Tanjong Pagar Road, 088539 Singapore, Singapore",1.27511077,103.8435325
Singapore,2026-10-03,2026-10-04,2026-09-03 10:38:03,29,1,Mercure ICON Singapore City Centre,https://www.booking.com/hotel/sg/icon-singapore.html,icon-singapore,225.0,5.4161,225.0,0.0,45.0,4.0,8.1,6396,Very Good,1.0,"Outram, Singapore",0,0,0,0,0,0,1,0,None,Hotel,,,,,,,,1.0,1.0,1.0,1.0,1.0,1.0,1.0,1.0,"8 Club Street, #01-03, 069472 Singapore, Singapore",1.2832064,103.847375
Singapore,2026-10-03,2026-10-04,2026-09-03 10:38:03,29,1,Newly Renovated - Days Inn by Wyndham Singapore Novena,https://www.booking.com/hotel/sg/value-thomson.html,value-thomson,120.0,4.7875,120.0,0.0,24.0,3.0,7.4,205,Good,4.2,"Novena, Singapore",0,1,0,0,0,0,0,0,None,Hotel,,,,,,,,1.0,1.0,1.0,1.0,1.0,1.0,1.0,1.0,"592 Balestier Road, Novena, 329901 Singapore, Singapore",1.32683457,103.84294242
Singapore,2026-10-03,2026-10-04,2026-09-03 10:38:03,29,1,ibis budget Singapore Olive,https://www.booking.com/hotel/sg/ibis-budget-singapore-olive.html,ibis-budget-singapore-olive,107.0,4.6728,107.0,0.0,21.0,2.0,7.3,9,Good,3.7,"Geylang, Singapore (Red Light District)",0,1,0,0,0,0,0,0,None,Hotel,,,,,,,,1.0,1.0,1.0,1.0,1.0,1.0,1.0,1.0,"No. 10, Lorong 10 Geylang, 399043 Singapore, Singapore",1.31149908,103.87761533
Singapore,2026-10-03,2026-10-04,2026-09-03 10:38:03,29,1,Hotel Mi Bencoolen,https://www.booking.com/hotel/sg/mi.html,mi,206.0,5.3279,206.0,0.0,41.0,4.0,8.1,5532,Very Good,1.0,"Bencoolen, Singapore",0,0,0,0,0,0,1,0,None,Hotel,,,,,,,,1.0,1.0,1.0,1.0,1.0,1.0,1.0,1.0,"41 Bencoolen Street, Bencoolen, 189623 Singapore, Singapore",1.2989872,103.8502288
Singapore,2026-10-03,2026-10-04,2026-09-03 10:38:03,29,1,Straits Heritage Hostel,https://www.booking.com/hotel/sg/straits-heritage-hostel.html,straits-heritage-hostel,258.0,5.553,258.0,0.0,,0.0,7.8,136,Good,0.5,"Boat Quay, Singapore",0,0,0,0,0,0,1,0,None,Hostel,,,,,,,,1.0,1.0,1.0,1.0,1.0,1.0,1.0,1.0,"49 South Bridge Road, 058681 Singapore, Singapore",1.2873026,103.8483817
Singapore,2026-10-03,2026-10-04,2026-09-03 10:38:03,29,1,Park View Hotel,https://www.booking.com/hotel/sg/park-view.html,park-view,173.0,5.1533,173.0,0.0,34.0,3.0,7.8,4202,Good,0.9,"Bugis, Singapore",0,1,0,0,0,0,1,0,None,Hotel,,,,,,,,1.0,1.0,1.0,1.0,1.0,1.0,1.0,1.0,"81 Beach Road, 189692 Singapore, Singapore",1.29706449,103.85655731
Singapore,2026-10-03,2026-10-04,2026-09-03 10:38:03,29,1,V Hotel Bencoolen,https://www.booking.com/hotel/sg/v-bencoolen.html,v-bencoolen,150.0,5.0106,150.0,0.0,30.0,4.0,8.2,5728,Very Good,1.0,"Bencoolen, Singapore",0,0,0,0,0,0,1,0,None,Hotel,,,,,,,,1.0,1.0,1.0,1.0,1.0,1.0,1.0,1.0,"48 Bencoolen Street, Bencoolen, 189627 Singapore, Singapore",1.29913864,103.85048345
Singapore,2026-10-03,2026-10-04,2026-09-03 10:38:03,29,1,Hotel Grand Pacific,https://www.booking.com/hotel/sg/allson-singapore.html,allson-singapore,143.0,4.9628,143.0,0.0,28.0,4.0,7.7,1780,Good,0.8,"Victoria, Singapore",0,0,0,0,0,0,1,0,None,Hotel,,,,,,,,1.0,1.0,1.0,1.0,1.0,1.0,1.0,1.0,"101 Victoria Street, Victoria, 188018 Singapore, Singapore",1.29734873,103.85283709
Singapore,2026-10-03,2026-10-04,2026-09-03 10:38:03,29,1,Crowne Plaza Changi Airport by IHG,https://www.booking.com/hotel/sg/crowne-plaza-changi-airport.html,crowne-plaza-changi-airport,330.0,5.7991,330.0,0.0,66.0,5.0,9.0,8285,Wonderful,16.6,"Changi, Singapore",0,0,0,0,1,0,1,0,None,Hotel,,,,,,,,1.0,1.0,1.0,1.0,1.0,1.0,1.0,1.0,"75 Airport Boulevard (Terminal 3), Changi, 819664 Singapore, Singapore",1.35647021,103.98555279
Singapore,2026-10-03,2026-10-04,2026-09-03 10:38:03,29,1,YOTELAIR Singapore Changi Airport Landside,https://www.booking.com/hotel/sg/yotelair-singapore-changi-airport.html,yotelair-singapore-changi-airport,196.0,5.2781,196.0,0.0,39.0,4.0,7.3,4556,Good,16.0,"Changi, Singapore",0,1,0,0,0,0,0,0,None,Hotel,,,,,,,,1.0,1.0,1.0,1.0,1.0,1.0,1.0,1.0,"78 Airport Boulevard Level 4 #04-280 Jewel Changi Airport, Changi, 819666 Singapore, Singapore",1.347455,103.984335
Singapore,2026-10-03,2026-10-04,2026-09-03 10:38:03,29,1,Furama City Centre,https://www.booking.com/hotel/sg/furama-city-centre.html,furama-city-centre,168.0,5.124,168.0,0.0,33.0,4.0,7.8,3164,Good,1.0,"Pearl's Hill, Singapore",0,0,0,0,0,0,1,0,None,Hotel,,,,,,,,1.0,1.0,1.0,1.0,1.0,1.0,1.0,1.0,"60 Eu Tong Sen Street, Pearl's Hill, 059804 Singapore, Singapore",1.28642151,103.84442836
Singapore,2026-10-03,2026-10-04,2026-09-03 10:38:03,29,1,Furama RiverFront,https://www.booking.com/hotel/sg/furama-riverfront.html,furama-riverfront,143.0,4.9628,143.0,0.0,28.0,4.0,7.6,3037,Good,1.8,"Robertson Quay, Singapore",0,0,0,0,0,0,0,0,None,Hotel,,,,,,,,1.0,1.0,1.0,1.0,1.0,1.0,1.0,1.0,"405 Havelock Road, Robertson Quay, 169633 Singapore, Singapore",1.28772741,103.83590698
Singapore,2026-10-03,2026-10-04,2026-09-03 10:38:03,29,1,The Snooze Hotel Marine Parade,https://www.booking.com/hotel/sg/reddoorz-near-marine-parade-central.html,reddoorz-near-marine-parade-central,78.0,4.3567,78.0,0.0,16.0,3.0,6.7,925,Standard,7.0,"East Coast, Singapore (East Coast)",0,0,0,0,0,0,0,0,None,Hotel,,,,,,,,1.0,1.0,1.0,1.0,1.0,1.0,1.0,1.0,"400 East Coast Road, 428994 Singapore, Singapore",1.308826,103.911987
Singapore,2026-10-03,2026-10-04,2026-09-03 10:38:12,29,1,Aura Hotel Purvis,https://www.booking.com/hotel/sg/nova-bugis-newly-renovated.html,nova-bugis-newly-renovated,141.0,4.9488,141.0,0.0,,0.0,6.9,36,Standard,0.8,"Bugis, Singapore",0,0,0,0,0,0,1,0,None,Hotel,,,,,,,,1.0,1.0,1.0,1.0,1.0,1.0,1.0,1.0,"14 Purvis Street Singapore 188593, 188593 Singapore, Singapore",1.29644002,103.85536789
Singapore,2026-10-03,2026-10-04,2026-09-03 10:38:12,29,1,Owen House by Hmlet,https://www.booking.com/hotel/sg/owen-house-by-hmlet.html,owen-house-by-hmlet,230.0,5.4381,230.0,0.0,21.0,4.0,7.7,2744,Good,2.4,"Farrer Park, Singapore",0,0,0,0,0,0,1,0,None,Hotel,,,,,,,,1.0,1.0,1.0,1.0,1.0,1.0,1.0,1.0,"2 Owen Road, Farrer Park, 218842 Singapore, Singapore",1.3116084,103.85499618
Singapore,2026-10-03,2026-10-04,2026-09-03 10:38:12,29,1,One Farrer Hotel,https://www.booking.com/hotel/sg/one-farrer-amp-spa.html,one-farrer-amp-spa,298.0,5.6971,298.0,0.0,59.0,5.0,8.8,1233,Standard,2.5,"Farrer Park, Singapore",0,0,0,0,0,0,1,0,None,Hotel,,,,,,,,1.0,1.0,1.0,1.0,1.0,1.0,1.0,1.0,"1 Farrer Park Station Road, Farrer Park, 217562 Singapore, Singapore",1.31314284,103.85448396
Singapore,2026-10-03,2026-10-04,2026-09-03 10:38:12,29,1,Hotel Waterloo Singapore - Handwritten Collection,https://www.booking.com/hotel/sg/waterloo-singapore-handwritten-collection.html,waterloo-singapore-handwritten-collection,252.0,5.5294,252.0,0.0,50.0,4.0,8.8,1245,Standard,1.0,"Victoria, Singapore",0,0,0,0,0,0,1,0,None,Hotel,,,,,,,,1.0,1.0,1.0,1.0,1.0,1.0,1.0,1.0,"78 Waterloo Street, 189870 Singapore, Singapore",1.2993,103.85162
Singapore,2026-10-03,2026-10-04,2026-09-03 10:38:12,29,1,Hotel Calmo Hamilton,https://www.booking.com/hotel/sg/calmo-hamilton.html,calmo-hamilton,121.0,4.7958,121.0,0.0,24.0,3.0,6.9,142,Standard,2.6,"Lavender, Singapore (Jalan Besar)",0,0,0,0,0,0,1,0,None,Hotel,,,,,,,,1.0,1.0,1.0,1.0,1.0,1.0,1.0,1.0,"40 Hamilton Road, 209210 Singapore, Singapore",1.3116529,103.8614671
Singapore,2026-10-03,2026-10-04,2026-09-03 10:38:12,29,1,Hotel 81 Bugis,https://www.booking.com/hotel/sg/81-bugis.html,81-bugis,102.0,4.625,102.0,0.0,20.0,2.0,6.8,513,Standard,0.8,"Bugis, Singapore",0,0,0,0,0,0,1,0,None,Hotel,,,,,,,,1.0,1.0,1.0,1.0,1.0,1.0,1.0,1.0,"31 Middle Road, 188995 Singapore, Singapore",1.29696527,103.85570973
Singapore,2026-10-03,2026-10-04,2026-09-03 10:38:12,29,1,ibis budget Singapore Bugis,https://www.booking.com/hotel/sg/ibis-budget-singapore-bugis.html,ibis-budget-singapore-bugis,129.0,4.8598,129.0,0.0,26.0,2.0,7.7,2211,Good,0.8,"Bugis, Singapore",0,0,0,0,0,0,1,0,None,Hotel,,,,,,,,1.0,1.0,1.0,1.0,1.0,1.0,1.0,1.0,"33 Middle Road, 188942 Singapore, Singapore",1.29713421,103.85561317
Singapore,2026-10-03,2026-10-04,2026-09-03 10:38:12,29,1,Republic of Singapore Yacht Club,https://www.booking.com/hotel/sg/republic-of-singapore-yacht-club.html,republic-of-singapore-yacht-club,124.0,4.8203,124.0,0.0,11.0,0.0,8.2,641,Very Good,9.9,"Queenstown, Singapore",0,0,0,0,0,0,1,0,None,Hotel,,,,,,,,1.0,1.0,1.0,1.0,1.0,1.0,1.0,1.0,"52 West Coast Ferry Road, 126887 Singapore, Singapore",1.29262001,103.76270947
Singapore,2026-10-03,2026-10-04,2026-09-03 10:38:12,29,1,"STORIES Joo Chiat, a Hotel by Cove - Paya Lebar, Singapore - NEWLY RENOVATED",https://www.booking.com/hotel/sg/stories-joo-chiat-a-by-cove-paya-lebar-singapore-newly-renovated.html,stories-joo-chiat-a-by-cove-paya-lebar-singapore-newly-renovated,95.0,4.5539,95.0,0.0,9.0,3.0,7.5,754,Good,5.9,"Geylang, Singapore",0,0,0,0,0,0,0,0,None,Hotel,,,,,,,,1.0,1.0,1.0,1.0,1.0,1.0,1.0,1.0,"51 Joo Chiat Road, 427373 Singapore, Singapore",1.3150011,103.8985851
Singapore,2026-10-03,2026-10-04,2026-09-03 10:38:12,29,1,"Four Points by Sheraton Singapore, Jurong",https://www.booking.com/hotel/sg/four-points-by-sheraton-singapore-jurong.html,four-points-by-sheraton-singapore-jurong,157.0,5.0562,157.0,0.0,31.0,4.0,8.4,686,Very Good,13.3,"Jurong East, Singapore",0,1,0,0,0,0,1,0,None,Hotel,,,,,,,,1.0,1.0,1.0,1.0,1.0,1.0,1.0,1.0,"2 Town Hall Link, Jurong East, 608516 Singapore, Singapore",1.33175022,103.73958203
Singapore,2026-10-03,2026-10-04,2026-09-03 10:38:12,29,1,Harbour Ville Hotel,https://www.booking.com/hotel/sg/harbour-ville.html,harbour-ville,98.0,4.585,98.0,0.0,20.0,3.0,7.3,673,Good,3.3,"Bukit Merah, Singapore",0,0,0,0,0,0,0,0,None,Hotel,,,,,,,,1.0,1.0,1.0,1.0,1.0,1.0,1.0,1.0,"512 Kampong Bahru Road, near Chinatown, 099448 Singapore, Singapore",1.2725499,103.82785767
Singapore,2026-10-03,2026-10-04,2026-09-03 10:38:12,29,1,JEN Singapore Orchardgateway by Shangri-La,https://www.booking.com/hotel/sg/jen-orchardgateway-singapore.html,jen-orchardgateway-singapore,315.0,5.7526,315.0,0.0,63.0,4.0,8.8,6230,Standard,1.8,"Orchard, Singapore",0,1,0,0,0,0,1,0,None,Hotel,,,,,,,,1.0,1.0,1.0,1.0,1.0,1.0,1.0,1.0,"277 Orchard Road #10-01, Orchard, 238858 Singapore, Singapore",1.300542,103.839192
Singapore,2026-10-03,2026-10-04,2026-09-03 10:38:12,29,1,Value Hotel Nice,https://www.booking.com/hotel/sg/value-nice.html,value-nice,92.0,4.5218,92.0,0.0,18.0,2.0,7.2,616,Good,3.6,"Novena, Singapore",0,1,0,0,0,0,0,0,None,Hotel,,,,,,,,1.0,1.0,1.0,1.0,1.0,1.0,1.0,1.0,"302 Balestier Road, Novena, 329738 Singapore, Singapore",1.32321187,103.85259569
Singapore,2026-10-03,2026-10-04,2026-09-03 10:38:12,29,1,The Pod at Beach Road Boutique Capsule Hotel,https://www.booking.com/hotel/sg/the-pod-boutique-capsule.html,the-pod-boutique-capsule,87.0,4.4659,87.0,0.0,17.0,2.0,8.2,769,Very Good,1.5,"Kampong Glam, Singapore",0,1,0,0,0,0,1,0,None,Hotel,,,,,,,,1.0,1.0,1.0,1.0,1.0,1.0,1.0,1.0,"289 Beach Road, #03-01, Kampong Glam, 199552 Singapore, Singapore",1.30089906,103.86056185
Singapore,2026-10-03,2026-10-04,2026-09-03 10:38:12,29,1,Hotel 81 Tristar,https://www.booking.com/hotel/sg/81-tristar.html,81-tristar,112.0,4.7185,112.0,0.0,22.0,3.0,7.7,1459,Good,5.8,"Geylang, Singapore",0,1,0,0,0,0,0,0,None,Hotel,,,,,,,,1.0,1.0,1.0,1.0,1.0,1.0,1.0,1.0,"1 Onan Road, 424780 Singapore, Singapore",1.31560178,103.8972652
Singapore,2026-10-03,2026-10-04,2026-09-03 10:38:12,29,1,Link Hotel Singapore,https://www.booking.com/hotel/sg/link-singapore.html,link-singapore,144.0,4.9698,144.0,0.0,29.0,4.0,7.1,84,Good,2.0,"Tiong Bahru, Singapore",0,1,0,0,0,0,0,0,None,Hotel,,,,,,,,1.0,1.0,1.0,1.0,1.0,1.0,1.0,1.0,"51 Tiong Bahru Road, Tiong Bahru, 168733 Singapore, Singapore",1.28386332,103.8350299
Singapore,2026-10-03,2026-10-04,2026-09-03 10:38:12,29,1,Hotel 81 Elegance,https://www.booking.com/hotel/sg/elegance-singapore.html,elegance-singapore,91.0,4.5109,91.0,0.0,18.0,2.0,6.2,669,Standard,2.6,"Lavender, Singapore (Jalan Besar)",0,1,0,0,0,0,1,0,None,Hotel,,,,,,,,1.0,1.0,1.0,1.0,1.0,1.0,1.0,1.0,"30 Foch Road, Lavender, 209276 Singapore, Singapore",1.31244029,103.86006832
Singapore,2026-10-03,2026-10-04,2026-09-03 10:38:12,29,1,Santa Grand Hotel East Coast a NuVe Group Collection,https://www.booking.com/hotel/sg/santa-grand-east-coast.html,santa-grand-east-coast,113.0,4.7274,113.0,0.0,22.0,4.0,8.3,1132,Very Good,6.2,"Katong, Singapore (East Coast)",0,0,0,0,0,0,0,0,None,Hotel,,,,,,,,1.0,1.0,1.0,1.0,1.0,1.0,1.0,1.0,"171 East Coast Road , Katong, 428877 Singapore, Singapore",1.30660264,103.90573829
Singapore,2026-10-03,2026-10-04,2026-09-03 10:38:12,29,1,Mondrian Singapore Duxton,https://www.booking.com/hotel/sg/mondrian-singapore-duxton.html,mondrian-singapore-duxton,329.0,5.7961,329.0,0.0,65.0,5.0,8.8,5358,Standard,1.7,"Chinatown, Singapore",0,0,0,0,0,0,1,0,None,Hotel,,,,,,,,1.0,1.0,1.0,1.0,1.0,1.0,1.0,1.0,"16A Duxton Hill, Chinatown, 89970 Singapore, Singapore",1.27881,103.84192
Singapore,2026-10-03,2026-10-04,2026-09-03 10:38:12,29,1,Park Avenue Rochester,https://www.booking.com/hotel/sg/park-avenue-rochester.html,park-avenue-rochester,168.0,5.124,168.0,0.0,33.0,4.0,7.7,342,Good,7.2,"Queenstown, Singapore",0,0,0,0,0,0,1,0,None,Hotel,,,,,,,,1.0,1.0,1.0,1.0,1.0,1.0,1.0,1.0,"31 Rochester Drive, 138637 Singapore, Singapore",1.30489452,103.78881276
Singapore,2026-10-03,2026-10-04,2026-09-03 10:38:12,29,1,Momentus Hotel Alexandra,https://www.booking.com/hotel/sg/momentus-alexandra.html,momentus-alexandra,144.0,4.9698,144.0,0.0,29.0,4.0,8.6,219,Standard,5.2,"Bukit Merah, Singapore",0,1,0,0,0,0,0,0,None,Hotel,,,,,,,,1.0,1.0,1.0,1.0,1.0,1.0,1.0,1.0,"323 Alexandra Road, 159972 Singapore, Singapore",1.287669,103.805331
Singapore,2026-10-03,2026-10-04,2026-09-03 10:38:12,29,1,Hotel Clover 7,https://www.booking.com/hotel/sg/clover-7.html,clover-7,96.0,4.5643,96.0,0.0,19.0,3.0,7.3,1009,Good,0.6,"Boat Quay, Singapore",0,0,0,0,0,0,1,0,None,Hotel,,,,,,,,1.0,1.0,1.0,1.0,1.0,1.0,1.0,1.0,"7 Hongkong Street, Boat Quay, 059650 Singapore, Singapore",1.2874151,103.84771993
Singapore,2026-10-03,2026-10-04,2026-09-03 10:38:12,29,1,Studio M Hotel Singapore,https://www.booking.com/hotel/sg/studio-m.html,studio-m,168.0,5.124,168.0,0.0,34.0,4.0,7.6,2230,Good,1.4,"Robertson Quay, Singapore",0,1,0,0,0,0,0,0,None,Hotel,,,,,,,,1.0,1.0,1.0,1.0,1.0,1.0,1.0,1.0,"3 Nanson Road, Robertson Quay, 238910 Singapore, Singapore",1.2911115,103.83927852
Singapore,2026-10-03,2026-10-04,2026-09-03 10:38:12,29,1,ibis budget Singapore Mount Faber,https://www.booking.com/hotel/sg/fragrance-royal.html,fragrance-royal,117.0,4.7622,117.0,0.0,23.0,2.0,7.1,348,Good,4.8,"Bukit Merah, Singapore",0,0,0,0,0,0,1,0,None,Hotel,,,,,,,,1.0,1.0,1.0,1.0,1.0,1.0,1.0,1.0,"400 Telok Blangah Road, 098838 Singapore, Singapore",1.26989248,103.81411403
Singapore,2026-10-03,2026-10-04,2026-09-03 10:38:12,29,1,Hotel 1900 Chinatown,https://www.booking.com/hotel/sg/1900.html,1900,141.0,4.9488,141.0,0.0,28.0,4.0,8.1,3131,Very Good,1.1,"Chinatown, Singapore",0,0,0,0,0,0,1,0,None,Hotel,,,,,,,,1.0,1.0,1.0,1.0,1.0,1.0,1.0,1.0,"46-50 Mosque Street, Chinatown, 059526 Singapore, Singapore",1.28414393,103.84436444
Rome,2026-10-03,2026-10-04,2026-09-03 10:40:37,29,1,Circle6 Rome,https://www.booking.com/hotel/it/circle6-rome.html,circle6-rome,740.0,6.6067,740.0,0.0,17.0,4.0,9.3,400,Wonderful,0.8,"Spagna, Rome",0,0,0,0,0,0,1,0,None,Hotel,,,,,,,,,,,,,,,,,,
Rome,2026-10-03,2026-10-04,2026-09-03 10:40:37,29,1,Dimora Laudice Caracciolo - Vatican Secret Garden,https://www.booking.com/hotel/it/dimora-laudice-caracciolo-vatican-secret-garden.html,dimora-laudice-caracciolo-vatican-secret-garden,311.0,5.7398,311.0,0.0,89.0,0.0,,0,No reviews,3.0,"Trionfale, Rome",0,1,0,0,0,0,1,0,None,Apartment,,,,,,,,,,,,,,,,,,
Rome,2026-10-03,2026-10-04,2026-09-03 10:40:37,29,1,Orazio Palace Hotel,https://www.booking.com/hotel/it/opalace.html,opalace,525.0,6.2634,525.0,0.0,17.0,4.0,9.0,1105,Wonderful,1.8,"Vaticano Prati, Rome",1,0,0,0,0,0,1,0,None,Hotel,,,,,,,,,,,,,,,,,,
Rome,2026-10-03,2026-10-04,2026-09-03 10:40:37,29,1,Leonardo Boutique Hotel Rome Monti,https://www.booking.com/hotel/it/dei-borgia.html,dei-borgia,521.0,6.2558,521.0,0.0,17.0,4.0,8.6,1278,Standard,0.8,"Rione Monti, Rome",0,0,0,0,0,0,1,0,None,Hotel,,,,,,,,,,,,,,,,,,
Rome,2026-10-03,2026-10-04,2026-09-03 10:40:37,29,1,Cozy Luxury Room Pantheon,https://www.booking.com/hotel/it/cozy-luxury-room-pantheon.html,cozy-luxury-room-pantheon,317.0,5.7589,317.0,0.0,12.0,0.0,8.7,466,Standard,0.35,"Pantheon, Rome",0,1,0,0,0,0,1,0,None,Hotel,,,,,,,,,,,,,,,,,,
Rome,2026-10-03,2026-10-04,2026-09-03 10:40:37,29,1,Hotel Santa Maria Maggiore,https://www.booking.com/hotel/it/della-prassede.html,della-prassede,468.0,6.1485,468.0,0.0,14.0,3.0,8.7,287,Standard,1.4,"Rione Monti, Rome",0,0,0,0,0,0,1,0,None,Hotel,,,,,,,,,,,,,,,,,,
Rome,2026-10-03,2026-10-04,2026-09-03 10:40:37,29,1,Hotel Mercure Roma Corso Trieste,https://www.booking.com/hotel/it/mercure-corso-trieste.html,mercure-corso-trieste,329.0,5.7961,329.0,0.0,17.0,4.0,8.4,1083,Very Good,3.8,Rome,0,0,0,0,0,0,1,0,None,Hotel,,,,,,,,,,,,,,,,,,
Rome,2026-10-03,2026-10-04,2026-09-03 10:40:37,29,1,Mama Shelter Roma,https://www.booking.com/hotel/it/mama-shelter-roma.html,mama-shelter-roma,445.0,6.0981,445.0,0.0,17.0,4.0,8.5,3337,Very Good,3.4,"Trionfale, Rome",0,0,0,0,0,0,1,0,None,Hotel,,,,,,,,,,,,,,,,,,
Rome,2026-10-03,2026-10-04,2026-09-03 10:40:37,29,1,Villafranca suites Roma,https://www.booking.com/hotel/it/villafranca-suites-guest-house.html,villafranca-suites-guest-house,379.0,5.9375,379.0,0.0,14.0,0.0,10.0,5,Exceptional,2.1,"Central Station, Rome",0,0,0,0,0,0,1,0,None,Villa,,,,,,,,,,,,,,,,,,
Rome,2026-10-03,2026-10-04,2026-09-03 10:40:37,29,1,Sicilia Boutique Apartment,https://www.booking.com/hotel/it/sicilia-boutique-apartment.html,sicilia-boutique-apartment,492.0,6.1985,492.0,0.0,60.0,0.0,,0,No reviews,1.9,"Rome City Center, Rome",0,0,0,0,0,0,1,0,None,Apartment,,,,,,,,,,,,,,,,,,
Rome,2026-10-03,2026-10-04,2026-09-03 10:40:37,29,1,Fontana Di Trevi Signature Apartment,https://www.booking.com/hotel/it/trevi-signature-apartment.html,trevi-signature-apartment,412.0,6.021,412.0,0.0,31.0,0.0,,0,No reviews,0.6,"Trevi, Rome",0,1,0,0,0,0,1,0,None,Apartment,,,,,,,,,,,,,,,,,,
Rome,2026-10-03,2026-10-04,2026-09-03 10:40:37,29,1,Palazzo Venere,https://www.booking.com/hotel/it/palazzo-venere1.html,palazzo-venere1,762.0,6.6359,762.0,0.0,17.0,4.0,9.3,487,Wonderful,1.5,"Spagna, Rome",0,0,0,0,0,0,1,0,None,Hotel,,,,,,,,,,,,,,,,,,
Rome,2026-10-03,2026-10-04,2026-09-03 10:40:37,29,1,GG Spagna Luxury Suites,https://www.booking.com/hotel/it/gg-spagna-luxury-suites.html,gg-spagna-luxury-suites,465.0,6.142,465.0,0.0,14.0,4.0,9.5,8,Exceptional,1.2,"Spagna, Rome",0,0,0,0,0,0,1,0,None,Hotel,,,,,,,,,,,,,,,,,,
Rome,2026-10-03,2026-10-04,2026-09-03 10:40:37,29,1,Hotel Villa San Pio,https://www.booking.com/hotel/it/villa-san-pio.html,villa-san-pio,424.0,6.0497,424.0,0.0,14.0,3.0,9.0,3214,Wonderful,1.6,"Aventino, Rome",1,1,0,0,0,0,1,0,None,Villa,,,,,,,,,,,,,,,,,,
Rome,2026-10-03,2026-10-04,2026-09-03 10:40:37,29,1,NYX Hotel Rome by Leonardo Hotels,https://www.booking.com/hotel/it/cicerone.html,cicerone,468.0,6.1485,468.0,0.0,17.0,4.0,8.5,1016,Very Good,1.8,"Vaticano Prati, Rome",0,0,0,0,0,0,1,0,None,Hotel,,,,,,,,,,,,,,,,,,
Rome,2026-10-03,2026-10-04,2026-09-03 10:40:37,29,1,Ergife Palace Hotel,https://www.booking.com/hotel/it/ergife-palace.html,ergife-palace,204.0,5.3181,204.0,0.0,17.0,4.0,8.0,3066,Very Good,5.2,"Aurelio, Rome",1,0,0,0,0,0,1,0,None,Hotel,,,,,,,,,,,,,,,,,,
Rome,2026-10-03,2026-10-04,2026-09-03 10:40:37,29,1,Hilton Rome Eur La Lama,https://www.booking.com/hotel/it/hilton-rome-eur-convention-center-italy.html,hilton-rome-eur-convention-center-italy,284.0,5.649,284.0,0.0,17.0,4.0,8.7,2514,Standard,7.3,"Eur, Rome",0,0,0,0,0,0,1,0,None,Hotel,,,,,,,,,,,,,,,,,,
Rome,2026-10-03,2026-10-04,2026-09-03 10:40:37,29,1,Hotel American Palace Eur,https://www.booking.com/hotel/it/american-palace-eur.html,american-palace-eur,210.0,5.3471,210.0,0.0,17.0,4.0,8.7,6097,Standard,7.8,"Eur, Rome",1,0,0,0,0,0,1,0,None,Hotel,,,,,,,,,,,,,,,,,,
Rome,2026-10-03,2026-10-04,2026-09-03 10:40:37,29,1,Campus Martius,https://www.booking.com/hotel/it/campus-martius.html,campus-martius,340.0,5.8289,340.0,0.0,46.0,0.0,8.4,10,Very Good,0.9,"Spagna, Rome",0,1,0,0,0,0,0,0,None,Apartment,,,,,,,,,,,,,,,,,,
Rome,2026-10-03,2026-10-04,2026-09-03 10:40:37,29,1,Lumi Hotel,https://www.booking.com/hotel/it/lumi-roma.html,lumi-roma,290.0,5.6699,290.0,0.0,9.0,1.0,8.5,641,Very Good,1.5,"Central Station, Rome",0,0,0,0,0,0,1,0,None,Hotel,,,,,,,,,,,,,,,,,,
Rome,2026-10-03,2026-10-04,2026-09-03 10:40:37,29,1,iQ Hotel Roma,https://www.booking.com/hotel/it/iq-roma.html,iq-roma,536.0,6.2841,536.0,0.0,17.0,4.0,9.4,1627,Wonderful,1.2,"Central Station, Rome",0,0,0,0,0,0,1,0,None,Hotel,,,,,,,,,,,,,,,,,,
Rome,2026-10-03,2026-10-04,2026-09-03 10:40:37,29,1,Hilton Garden Inn Rome Claridge,https://www.booking.com/hotel/it/hotel-claridge-roma.html,hotel-claridge-roma,468.0,6.1485,468.0,0.0,17.0,4.0,8.5,591,Very Good,3.1,"Villa Borghese Parioli, Rome",0,0,0,0,0,0,1,0,None,Villa,,,,,,,,,,,,,,,,,,
Rome,2026-10-03,2026-10-04,2026-09-03 10:40:37,29,1,Holiday Inn Rome - Eur Parco Dei Medici by IHG,https://www.booking.com/hotel/it/holidayinnrome.html,holidayinnrome,182.0,5.204,182.0,0.0,17.0,4.0,8.1,3121,Very Good,10.0,"Magliana Vecchia, Rome",0,0,0,0,0,0,1,0,None,Hotel,,,,,,,,,,,,,,,,,,
Rome,2026-10-03,2026-10-04,2026-09-03 10:40:37,29,1,Chapter Roma,https://www.booking.com/hotel/it/arenula.html,arenula,761.0,6.6346,761.0,0.0,17.0,4.0,9.0,902,Wonderful,0.6,"Pantheon, Rome",1,1,0,0,0,0,0,0,None,Hotel,,,,,,,,,,,,,,,,,,
Rome,2026-10-03,2026-10-04,2026-09-03 10:40:48,29,1,Wrooms Guest House,https://www.booking.com/hotel/it/irooms-convivium.html,irooms-convivium,347.0,5.8493,347.0,0.0,16.0,0.0,9.1,679,Wonderful,0.6,"Rione Monti, Rome",0,0,0,0,0,0,1,0,None,Guesthouse,,,,,,,,1.0,0.0,0.0,0.0,0.0,0.0,0.0,1.0,,,
Rome,2026-10-03,2026-10-04,2026-09-03 10:40:48,29,1,The Spotlight Boutique Hotel,https://www.booking.com/hotel/it/the-spotlight-boutique.html,the-spotlight-boutique,710.0,6.5653,710.0,0.0,17.0,4.0,9.6,627,Exceptional,1.9,"Central Station, Rome",0,1,0,0,0,0,1,0,None,Hotel,,,,,,,,1.0,0.0,0.0,0.0,0.0,0.0,0.0,1.0,,,
Rome,2026-10-03,2026-10-04,2026-09-03 10:40:37,29,1,Je Rome Hotel,https://www.booking.com/hotel/it/je-rome.html,je-rome,734.0,6.5985,734.0,0.0,17.0,4.0,9.2,532,Wonderful,0.4,"Trevi, Rome",0,0,0,0,0,0,1,0,None,Hotel,,,,,,,,1.0,0.0,0.0,0.0,0.0,0.0,0.0,1.0,,,
Rome,2026-10-03,2026-10-04,2026-09-03 10:40:48,29,1,Telier Vite,https://www.booking.com/hotel/it/telier-vite.html,telier-vite,399.0,5.989,399.0,0.0,14.0,0.0,7.9,9,Good,0.9,"Spagna, Rome",0,0,0,0,0,0,1,0,None,Hotel,,,,,,,,0.0,0.0,0.0,0.0,0.0,0.0,0.0,1.0,,,
Rome,2026-10-03,2026-10-04,2026-09-03 10:40:48,29,1,River61 - Guest House,https://www.booking.com/hotel/it/river61-guest-house.html,river61-guest-house,272.0,5.6058,272.0,0.0,14.0,0.0,7.8,653,Good,2.1,"Rome City Center, Rome",0,0,0,0,0,0,1,0,None,Guesthouse,,,,,,,,1.0,1.0,1.0,1.0,1.0,1.0,1.0,1.0,"61 Via Piave, 00187 Rome, Italy",41.9103314,12.4985485
Rome,2026-10-03,2026-10-04,2026-09-03 10:40:48,29,1,Ibis Roma Fiera,https://www.booking.com/hotel/it/ibis-roma-magliana.html,ibis-roma-magliana,134.0,4.8978,134.0,0.0,14.0,3.0,8.0,4142,Very Good,11.0,"Magliana Vecchia, Rome",0,0,0,0,0,0,1,0,None,Hotel,,,,,,,,1.0,1.0,1.0,1.0,1.0,1.0,1.0,1.0,"Via Arturo Mercanti, 63, Magliana Vecchia, 00148 Rome, Italy",41.82228205,12.39415526
Rome,2026-10-03,2026-10-04,2026-09-03 10:40:48,29,1,Hotel Artemide,https://www.booking.com/hotel/it/artemide.html,artemide,679.0,6.5206,679.0,0.0,17.0,4.0,9.2,1693,Wonderful,1.1,"Central Station, Rome",0,0,0,0,0,0,1,0,None,Hotel,,,,,,,,1.0,1.0,1.0,1.0,1.0,1.0,1.0,1.0,"Via Nazionale 22, Central Station, 00184 Rome, Italy",41.90081322,12.49361426
Rome,2026-10-03,2026-10-04,2026-09-03 10:40:48,29,1,I Dormienti,https://www.booking.com/hotel/it/idormienti.html,idormienti,267.0,5.5872,267.0,0.0,16.0,0.0,7.7,1525,Good,0.9,"Rione Monti, Rome",0,0,0,0,0,0,1,0,None,Hotel,,,,,,,,1.0,1.0,1.0,1.0,1.0,1.0,1.0,1.0,"Via Urbana 96, Rione Monti, 00184 Rome, Italy",41.89590051,12.4936974
Rome,2026-10-03,2026-10-04,2026-09-03 10:40:48,29,1,Raeli Hotel Regio,https://www.booking.com/hotel/it/regio.html,regio,213.0,5.3613,213.0,0.0,14.0,3.0,8.5,2510,Very Good,1.7,"Central Station, Rome",0,0,0,0,0,0,1,0,None,Hotel,,,,,,,,1.0,1.0,1.0,1.0,1.0,1.0,1.0,1.0,"Via Volturno 22, Central Station, 00185 Rome, Italy",41.90450524,12.49974519
Rome,2026-10-03,2026-10-04,2026-09-03 10:40:48,29,1,Mercure Roma Cinecittà,https://www.booking.com/hotel/it/movie-movie.html,movie-movie,222.0,5.4027,222.0,0.0,17.0,4.0,8.5,3027,Very Good,9.4,"Appio Latino, Rome",0,0,0,0,0,0,1,0,None,Hotel,,,,,,,,1.0,1.0,1.0,1.0,1.0,1.0,1.0,1.0,"9 Largo dei Caduti di El Alamein, Cinecitta', Appio Latino, 00173 Rome, Italy",41.849015,12.577569
Rome,2026-10-03,2026-10-04,2026-09-03 10:40:48,29,1,c-hotels Fiume,https://www.booking.com/hotel/it/fiumeroma.html,fiumeroma,339.0,5.826,339.0,0.0,17.0,4.0,9.2,1794,Wonderful,2.3,Rome,0,0,0,0,0,0,1,0,None,Hotel,,,,,,,,1.0,1.0,1.0,1.0,1.0,1.0,1.0,1.0,"Via Brescia 5, 00198 Rome, Italy",41.91150739,12.50000596
Rome,2026-10-03,2026-10-04,2026-09-03 10:40:48,29,1,Hotel Fori Imperiali,https://www.booking.com/hotel/it/fori-imperiali-roma.html,fori-imperiali-roma,514.0,6.2422,514.0,0.0,14.0,3.0,9.3,502,Wonderful,0.6,"Rione Monti, Rome",1,0,0,0,0,0,1,0,None,Hotel,,,,,,,,1.0,1.0,1.0,1.0,1.0,1.0,1.0,1.0,"Via Frangipane, 34, Rione Monti, 00184 Rome, Italy",41.8931803,12.4895296
Rome,2026-10-03,2026-10-04,2026-09-03 10:40:48,29,1,c-hotels Club House Roma,https://www.booking.com/hotel/it/club-house-roma.html,club-house-roma,262.0,5.5683,262.0,0.0,17.0,4.0,9.0,4512,Wonderful,4.7,"Aurelio, Rome",0,0,0,0,0,0,1,0,None,Hotel,,,,,,,,1.0,1.0,1.0,1.0,1.0,1.0,1.0,1.0,"Via Andrea Alciato 14, Aurelio, 00167 Rome, Italy",41.90431426,12.42672801
Rome,2026-10-03,2026-10-04,2026-09-03 10:40:48,29,1,Fori Imperiali Luxe Mansion,https://www.booking.com/hotel/it/fori-imperiali-luxe-mansion.html,fori-imperiali-luxe-mansion,521.0,6.2558,521.0,0.0,,0.0,7.8,487,Good,0.6,"Rione Monti, Rome",0,0,0,0,0,0,1,0,None,Hotel,,,,,,,,1.0,1.0,1.0,1.0,1.0,1.0,1.0,1.0,"Via Cavour, 310, Rione Monti, 00184 Rome, Italy",41.89342019,12.48869892
Rome,2026-10-03,2026-10-04,2026-09-03 10:40:48,29,1,Hotel Delle Nazioni,https://www.booking.com/hotel/it/delle-nazioni.html,delle-nazioni,1159.0,7.0553,1159.0,0.0,17.0,4.0,8.9,1968,Standard,0.6,"Trevi, Rome",1,1,0,0,0,0,1,0,None,Hotel,,,,,,,,1.0,1.0,1.0,1.0,1.0,1.0,1.0,1.0,"Via Poli 6, Trevi, 00187 Rome, Italy",41.90169511,12.48257563
Rome,2026-10-03,2026-10-04,2026-09-03 10:40:48,29,1,Central Lodge Hotel,https://www.booking.com/hotel/it/central-lodge.html,central-lodge,351.0,5.8608,351.0,0.0,14.0,3.0,8.7,1302,Standard,1.7,"Central Station, Rome",0,1,0,0,0,0,1,0,None,Hotel,,,,,,,,1.0,1.0,1.0,1.0,1.0,1.0,1.0,1.0,"Via Buonarroti 19, Central Station, 00185 Rome, Italy",41.89349632,12.50246219
Rome,2026-10-03,2026-10-04,2026-09-03 10:40:48,29,1,The Social Hub Rome,https://www.booking.com/hotel/it/the-social-hub-rome.html,the-social-hub-rome,335.0,5.8141,335.0,0.0,17.0,4.0,8.7,2516,Standard,2.9,Rome,0,0,0,0,0,0,1,0,None,Hotel,,,,,,,,1.0,1.0,1.0,1.0,1.0,1.0,1.0,1.0,"Viale dello Scalo San Lorenzo, 10, 00185 Rome, Italy",41.8927595,12.5175469
Rome,2026-10-03,2026-10-04,2026-09-03 10:40:48,29,1,Trionfale Guest House,https://www.booking.com/hotel/it/trionfale-guest-house.html,trionfale-guest-house,125.0,4.8283,125.0,0.0,14.0,0.0,8.0,361,Very Good,3.2,"Trionfale, Rome",0,0,0,0,0,0,1,0,None,Guesthouse,,,,,,,,1.0,1.0,1.0,1.0,1.0,1.0,1.0,1.0,"Circonvallazione Trionfale 1 piano primo interno 4, Trionfale, 00195 Rome, Italy",41.90972741,12.44891918
Rome,2026-10-03,2026-10-04,2026-09-03 10:40:48,29,1,NH Collection Roma Centro,https://www.booking.com/hotel/it/nh-roma-leonardo-da-vinci.html,nh-roma-leonardo-da-vinci,582.0,6.3665,582.0,0.0,17.0,4.0,8.7,1471,Standard,1.9,"Vaticano Prati, Rome",0,0,0,0,0,0,1,0,None,Hotel,,,,,,,,1.0,1.0,1.0,1.0,1.0,1.0,1.0,1.0,"Via dei Gracchi 324, Vaticano Prati, 00192 Rome, Italy",41.90947939,12.46893525
Rome,2026-10-03,2026-10-04,2026-09-03 10:40:48,29,1,Residenza Paolo VI,https://www.booking.com/hotel/it/residenza-paolo-vi.html,residenza-paolo-vi,569.0,6.3439,569.0,0.0,,4.0,8.9,1219,Standard,2.2,"Vaticano Prati, Rome",1,0,0,0,0,0,1,0,None,Hotel,,,,,,,,1.0,1.0,1.0,1.0,1.0,1.0,1.0,1.0,"Via Paolo VI 29, Vaticano Prati, 00193 Rome, Italy",41.90116308,12.45678484
Rome,2026-10-03,2026-10-04,2026-09-03 10:40:48,29,1,Star Guest House Rome,https://www.booking.com/hotel/it/star-guest-house-rome-roma.html,star-guest-house-rome-roma,99.0,4.5951,99.0,0.0,14.0,0.0,6.5,225,Standard,2.7,"San Lorenzo, Rome",0,0,0,0,0,0,1,0,None,Guesthouse,,,,,,,,1.0,1.0,1.0,1.0,1.0,1.0,1.0,1.0,"Via degli Anamari, 20 scala c ,piano 2-s1,interno 3, San Lorenzo, 00185 Rome, Italy",41.8939887,12.5147017
Rome,2026-10-03,2026-10-04,2026-09-03 10:40:48,29,1,Eternal Suites Rome,https://www.booking.com/hotel/it/eternal-suites-rome.html,eternal-suites-rome,332.0,5.8051,332.0,0.0,16.0,0.0,9.6,132,Exceptional,1.9,"Vaticano Prati, Rome",1,1,0,0,0,0,1,0,None,Hotel,,,,,,,,1.0,1.0,1.0,1.0,1.0,1.0,1.0,1.0,"Via di Porta Castello, 25 4, 00193 Rome, Italy",41.9045778,12.4631418
Rome,2026-10-03,2026-10-04,2026-09-03 10:40:48,29,1,"G-Rough, Rome, a Member of Design Hotels",https://www.booking.com/hotel/it/g-rough.html,g-rough,626.0,6.4394,626.0,0.0,14.0,0.0,8.8,242,Standard,0.9,"Navona, Rome",1,1,0,0,0,0,1,0,None,Hotel,,,,,,,,1.0,1.0,1.0,1.0,1.0,1.0,1.0,1.0,"Piazza di Pasquino 69, Navona, 00186 Rome, Italy",41.89772357,12.47213071
Rome,2026-10-03,2026-10-04,2026-09-03 10:40:48,29,1,Hotel d'Este,https://www.booking.com/hotel/it/d-este.html,d-este,302.0,5.7104,302.0,0.0,14.0,3.0,8.2,3578,Very Good,1.5,"Central Station, Rome",1,0,0,0,0,0,1,0,None,Hotel,,,,,,,,1.0,1.0,1.0,1.0,1.0,1.0,1.0,1.0,"Via Carlo Alberto 4/B, Central Station, 00185 Rome, Italy",41.8965044,12.50090182
Rome,2026-10-03,2026-10-04,2026-09-03 10:40:48,29,1,The Hive Hotel,https://www.booking.com/hotel/it/the-hive.html,the-hive,628.0,6.4425,628.0,0.0,17.0,4.0,8.7,6178,Standard,1.2,"Central Station, Rome",0,0,0,0,0,0,1,0,None,Hotel,,,,,,,,1.0,1.0,1.0,1.0,1.0,1.0,1.0,1.0,"Via Torino 6, Central Station, 00184 Rome, Italy",41.899558,12.496689
Rome,2026-10-03,2026-10-04,2026-09-03 10:40:48,29,1,The Style,https://www.booking.com/hotel/it/romestylehotel.html,romestylehotel,950.0,6.8565,950.0,0.0,17.0,4.0,8.8,853,Standard,0.9,"Spagna, Rome",1,0,0,0,0,0,1,0,None,Hotel,,,,,,,,1.0,1.0,1.0,1.0,1.0,1.0,1.0,1.0,"Via Dei Due Macelli 106, Spagna, 00187 Rome, Italy",41.90337601,12.48508148
Barcelona,2026-10-03,2026-10-04,2026-09-03 10:43:54,29,1,Ibis Barcelona Plaza Glòries 22@,https://www.booking.com/hotel/es/ibis-barcelona-pl-glories-22.html,ibis-barcelona-pl-glories-22,169.0,5.1299,169.0,0.0,18.0,2.0,8.4,4252,Very Good,2.6,"Sant Martí, Barcelona",0,0,0,0,0,0,1,0,None,Hotel,,,,,,,,1.0,0.0,0.0,0.0,0.0,0.0,0.0,1.0,,,
Barcelona,2026-10-03,2026-10-04,2026-09-03 10:43:54,29,1,Catalonia Park Putxet,https://www.booking.com/hotel/es/cataloniaparkputxet.html,cataloniaparkputxet,214.0,5.366,214.0,0.0,21.0,4.0,8.5,4723,Very Good,3.1,"Sarrià-St. Gervasi, Barcelona",0,1,0,0,1,0,1,0,None,Hotel,,,,,,,,1.0,0.0,0.0,0.0,0.0,0.0,0.0,1.0,,,
Barcelona,2026-10-03,2026-10-04,2026-09-03 10:43:54,29,1,Eric Vökel Boutique Apartments - Gran Vía Suites,https://www.booking.com/hotel/es/eric-vokel-gran-via-suites.html,eric-vokel-gran-via-suites,311.0,5.7398,311.0,0.0,24.0,0.0,8.9,922,Standard,1.6,"Eixample, Barcelona",0,0,0,1,0,0,1,0,None,Apartment,,,,,,,,1.0,0.0,0.0,0.0,0.0,0.0,0.0,1.0,,,
Barcelona,2026-10-03,2026-10-04,2026-09-03 10:43:54,29,1,Hamilton Suites,https://www.booking.com/hotel/es/hamilton-suites.html,hamilton-suites,125.0,4.8283,125.0,0.0,18.0,0.0,8.5,203,Very Good,0.2,"Eixample, Barcelona",0,0,0,1,0,0,1,0,None,Hotel,,,,,,,,0.0,0.0,0.0,0.0,0.0,0.0,0.0,1.0,,,
Barcelona,2026-10-03,2026-10-04,2026-09-03 10:43:54,29,1,Catalonia Park Güell,https://www.booking.com/hotel/es/catalonia-park-guell.html,catalonia-park-guell,197.0,5.2832,197.0,0.0,18.0,3.0,8.1,5601,Very Good,3.7,"Gràcia, Barcelona",0,1,0,0,0,0,1,0,None,Hotel,,,,,,,,1.0,1.0,1.0,1.0,1.0,1.0,1.0,1.0,"Paseo Mare de Déu del Coll, 10, Gràcia, 08023 Barcelona, Spain",41.41414801,2.14477278
Barcelona,2026-10-03,2026-10-04,2026-09-03 10:43:54,29,1,Hotel Acta Laumon,https://www.booking.com/hotel/es/laumon.html,laumon,219.0,5.3891,219.0,0.0,22.0,3.0,8.7,1533,Standard,4.4,"Sant Andreu, Barcelona",0,0,0,1,0,0,1,0,None,Hotel,,,,,,,,1.0,1.0,1.0,1.0,1.0,1.0,1.0,1.0,"Monlau, 8-10, Sant Andreu, 08027 Barcelona, Spain",41.42311373,2.19055206
Barcelona,2026-10-03,2026-10-04,2026-09-03 10:43:54,29,1,Hotel Continental Barcelona,https://www.booking.com/hotel/es/continental-barcelona.html,continental-barcelona,354.0,5.8693,354.0,0.0,18.0,3.0,8.0,1710,Very Good,0.25,"Ciutat Vella, Barcelona",1,1,0,0,0,0,1,0,None,Hotel,,,,,,,,1.0,1.0,1.0,1.0,1.0,1.0,1.0,1.0,"La Rambla, 138, Ciutat Vella, 08002 Barcelona, Spain",41.38508214,2.17065744
Barcelona,2026-10-03,2026-10-04,2026-09-03 10:43:54,29,1,Catalonia Barcelona Beach,https://www.booking.com/hotel/es/catalonia-barcelona-beach.html,catalonia-barcelona-beach,249.0,5.5175,249.0,0.0,21.0,4.0,8.2,1475,Very Good,3.7,"Sant Martí, Barcelona",0,1,1,0,0,0,1,0,None,Hotel,,,,,,,,1.0,1.0,1.0,1.0,1.0,1.0,1.0,1.0,"Espronceda, 6, Sant Martí, 08005 Barcelona, Spain",41.40135652,2.20986396
Barcelona,2026-10-03,2026-10-04,2026-09-03 10:43:54,29,1,Hotel Brick Barcelona,https://www.booking.com/hotel/es/brick-barcelona.html,brick-barcelona,207.0,5.3327,207.0,0.0,18.0,0.0,9.0,2601,Wonderful,2.6,"Sants-Montjuïc, Barcelona",0,0,0,1,0,0,1,0,None,Hotel,,,,,,,,1.0,1.0,1.0,1.0,1.0,1.0,1.0,1.0,"304 Gran Via de les Corts Catalanes, Sants-Montjuïc, 08004 Barcelona, Spain",41.372459,2.146182
Barcelona,2026-10-03,2026-10-04,2026-09-03 10:43:54,29,1,Acta Voraport,https://www.booking.com/hotel/es/acta-voraport.html,acta-voraport,280.0,5.6348,280.0,0.0,18.0,3.0,9.0,12167,Wonderful,2.9,"Sant Martí, Barcelona",0,1,0,0,1,0,1,0,None,Hotel,,,,,,,,1.0,1.0,1.0,1.0,1.0,1.0,1.0,1.0,"Carrer de Ramon Turró 169-B, Sant Martí, 08005 Barcelona, Spain",41.398656,2.201095
Barcelona,2026-10-03,2026-10-04,2026-09-03 10:43:54,29,1,Catalonia Portal de l'Angel,https://www.booking.com/hotel/es/cataloniaalbinioni.html,cataloniaalbinioni,301.0,5.7071,301.0,0.0,18.0,3.0,8.8,2531,Standard,0.3,"Ciutat Vella, Barcelona",0,1,0,0,0,0,1,0,None,Hotel,,,,,,,,1.0,1.0,1.0,1.0,1.0,1.0,1.0,1.0,"Portal del Angel, 17, Ciutat Vella, 08002 Barcelona, Spain",41.38558926,2.17299901
Barcelona,2026-10-03,2026-10-04,2026-09-03 10:43:54,29,1,Hotel Sant Agustí,https://www.booking.com/hotel/es/san-agustin.html,san-agustin,290.0,5.6699,290.0,0.0,18.0,3.0,8.1,4487,Very Good,0.7,"Ciutat Vella, Barcelona",0,1,0,1,0,0,1,0,None,Hotel,,,,,,,,1.0,1.0,1.0,1.0,1.0,1.0,1.0,1.0,"Plaça Sant Agusti, 3, Ciutat Vella, 08001 Barcelona, Spain",41.38048763,2.17159621
Barcelona,2026-10-03,2026-10-04,2026-09-03 10:43:54,29,1,Magatzem 128,https://www.booking.com/hotel/es/b-amp-b-magatzem-128.html,b-amp-b-magatzem-128,201.0,5.3033,201.0,0.0,38.0,0.0,8.7,2001,Standard,1.5,"Eixample, Barcelona",0,0,0,1,0,0,1,0,None,Hotel,,,,,,,,1.0,1.0,1.0,1.0,1.0,1.0,1.0,1.0,"Calabria, 128, Eixample, 08015 Barcelona, Spain",41.38111292,2.15342213
Barcelona,2026-10-03,2026-10-04,2026-09-03 10:43:54,29,1,Catalonia Sagrada Familia,https://www.booking.com/hotel/es/cataloniaaragon.html,cataloniaaragon,278.0,5.6276,278.0,0.0,18.0,3.0,8.4,7828,Very Good,2.6,"Sant Martí, Barcelona",0,1,0,0,0,0,1,0,None,Hotel,,,,,,,,1.0,1.0,1.0,1.0,1.0,1.0,1.0,1.0,"Aragó 577-579, Sant Martí, 08026 Barcelona, Spain",41.40791704,2.18533784
Barcelona,2026-10-03,2026-10-04,2026-09-03 10:43:54,29,1,Catalonia Port,https://www.booking.com/hotel/es/catalonia-port.html,catalonia-port,354.0,5.8693,354.0,0.0,21.0,4.0,9.0,1213,Wonderful,1.2,"Ciutat Vella, Barcelona",0,1,0,0,0,0,1,0,None,Hotel,,,,,,,,1.0,1.0,1.0,1.0,1.0,1.0,1.0,1.0,"Ample, 1 (Plaça Duc de Medinaceli), Ciutat Vella, 08002 Barcelona, Spain",41.37875334,2.17879057
Barcelona,2026-10-03,2026-10-04,2026-09-03 10:43:54,29,1,Catalonia Plaza Catalunya,https://www.booking.com/hotel/es/cataloniaduques.html,cataloniaduques,359.0,5.8833,359.0,0.0,21.0,4.0,8.6,5072,Standard,0.15,"Eixample, Barcelona",0,1,0,0,0,0,1,0,None,Hotel,,,,,,,,1.0,1.0,1.0,1.0,1.0,1.0,1.0,1.0,"Bergara, 11, Eixample, 08002 Barcelona, Spain",41.38629159,2.16841042
Barcelona,2026-10-03,2026-10-04,2026-09-03 10:43:54,29,1,Four Points by Sheraton Barcelona Airport,https://www.booking.com/hotel/es/four-points-by-sheraton-barcelona-airport.html,four-points-by-sheraton-barcelona-airport,208.0,5.3375,208.0,0.0,5.0,4.0,8.8,2579,Standard,14.3,Barcelona,0,0,0,0,1,0,1,0,None,Hotel,,,,,,,,1.0,1.0,1.0,1.0,1.0,1.0,1.0,1.0,"Carrer de Catalunya sn 08840, Viladecans, 08840 Barcelona, Spain",41.312646,2.030514
Barcelona,2026-10-03,2026-10-04,2026-09-03 10:43:54,29,1,Travelodge Barcelona Poblenou,https://www.booking.com/hotel/es/travelodge-barcelona-poblenou.html,travelodge-barcelona-poblenou,227.0,5.425,227.0,0.0,18.0,1.0,8.2,8812,Very Good,2.9,"Sant Martí, Barcelona",0,0,0,0,0,0,1,0,None,Hotel,,,,,,,,1.0,1.0,1.0,1.0,1.0,1.0,1.0,1.0,"Llull 170, Sant Martí, 08005 Barcelona, Spain",41.39976508,2.20088661
Barcelona,2026-10-03,2026-10-04,2026-09-03 10:43:54,29,1,AC Hotel Victoria Suites by Marriott,https://www.booking.com/hotel/es/victoriasuites.html,victoriasuites,255.0,5.5413,255.0,0.0,47.0,4.0,8.7,564,Standard,4.1,"Les Corts, Barcelona",0,1,0,0,0,0,1,0,None,Hotel,,,,,,,,1.0,1.0,1.0,1.0,1.0,1.0,1.0,1.0,"Beltran i Ròzpide, 7-9, Les Corts, 08034 Barcelona, Spain",41.38936844,2.12130815
Barcelona,2026-10-03,2026-10-04,2026-09-03 10:43:54,29,1,Hotel Best 4 Barcelona,https://www.booking.com/hotel/es/4-barcelona.html,4-barcelona,245.0,5.5013,245.0,0.0,21.0,4.0,8.1,1492,Very Good,2.7,"Sant Martí, Barcelona",0,0,0,0,0,0,1,0,None,Hotel,,,,,,,,1.0,1.0,1.0,1.0,1.0,1.0,1.0,1.0,"Doctor Trueta, 164, Sant Martí, 08005 Barcelona, Spain",41.39637383,2.20056206
Barcelona,2026-10-03,2026-10-04,2026-09-03 10:43:54,29,1,Ofelias Hotel 4Sup,https://www.booking.com/hotel/es/ofelias-4-superior.html,ofelias-4-superior,295.0,5.687,295.0,0.0,21.0,4.0,8.6,2322,Standard,2.0,"Eixample, Barcelona",0,1,0,0,0,0,1,0,None,Hotel,,,,,,,,1.0,1.0,1.0,1.0,1.0,1.0,1.0,1.0,"Llançà, 24, Eixample, 08015 Barcelona, Spain",41.37673208,2.15001449
Barcelona,2026-10-03,2026-10-04,2026-09-03 10:43:54,29,1,Tembo Barcelona,https://www.booking.com/hotel/es/tembo-barcelona.html,tembo-barcelona,325.0,5.7838,325.0,0.0,5.0,4.0,8.9,7052,Standard,5.2,Barcelona,0,1,0,0,1,0,1,0,None,Hotel,,,,,,,,1.0,1.0,1.0,1.0,1.0,1.0,1.0,1.0,"Carrer de Ramon Llull, 08930 Barcelona, Spain",41.41495854,2.22001655
Barcelona,2026-10-03,2026-10-04,2026-09-03 10:43:54,29,1,Gaudi Hotel,https://www.booking.com/hotel/es/gaudi-barcelona.html,gaudi-barcelona,309.0,5.7333,309.0,0.0,18.0,3.0,8.4,7544,Very Good,1.0,"Ciutat Vella, Barcelona",0,1,0,0,0,0,1,0,None,Hotel,,,,,,,,1.0,1.0,1.0,1.0,1.0,1.0,1.0,1.0,"Nou de la Rambla, 12, Ciutat Vella, 08001 Barcelona, Spain",41.37894196,2.1740444
Barcelona,2026-10-03,2026-10-04,2026-09-03 10:43:54,29,1,Ohla Barcelona,https://www.booking.com/hotel/es/ohla.html,ohla,591.0,6.3818,591.0,0.0,31.0,5.0,9.0,1155,Wonderful,0.35,"Ciutat Vella, Barcelona",1,1,0,0,1,0,1,0,None,Hotel,,,,,,,,1.0,1.0,1.0,1.0,1.0,1.0,1.0,1.0,"Via Laietana, 49, Ciutat Vella, 08003 Barcelona, Spain",41.38700195,2.17442796
Barcelona,2026-10-03,2026-10-04,2026-09-03 10:43:54,29,1,Catalonia Catedral,https://www.booking.com/hotel/es/catalonia-catedral.html,catalonia-catedral,383.0,5.948,383.0,0.0,21.0,4.0,9.0,1868,Wonderful,0.45,"Ciutat Vella, Barcelona",0,1,0,0,1,0,1,0,None,Hotel,,,,,,,,1.0,1.0,1.0,1.0,1.0,1.0,1.0,1.0,"Arcs, 10, Ciutat Vella, 08002 Barcelona, Spain",41.38469374,2.17445411
Barcelona,2026-10-03,2026-10-04,2026-09-03 10:43:54,29,1,Gran Hotel Havana 4Sup by Escampa Hotels,https://www.booking.com/hotel/es/silkengranhotelhavana.html,silkengranhotelhavana,394.0,5.9764,394.0,0.0,21.0,4.0,8.6,1906,Standard,0.6,"Eixample, Barcelona",1,1,0,0,1,0,1,0,None,Hotel,,,,,,,,1.0,1.0,1.0,1.0,1.0,1.0,1.0,1.0,"Gran Vía de Les Corts Catalanes, 647, Eixample, 08010 Barcelona, Spain",41.39266649,2.17199519
Barcelona,2026-10-03,2026-10-04,2026-09-03 10:43:54,29,1,Acta CITY47,https://www.booking.com/hotel/es/citypark.html,citypark,255.0,5.5413,255.0,0.0,21.0,4.0,8.4,4944,Very Good,2.4,"Sants-Montjuïc, Barcelona",0,1,0,0,0,0,1,0,None,Hotel,,,,,,,,1.0,1.0,1.0,1.0,1.0,1.0,1.0,1.0,"Nicaragua, 47, Sants-Montjuïc, 08029 Barcelona, Spain",41.3830878,2.14120746
Barcelona,2026-10-03,2026-10-04,2026-09-03 10:43:54,29,1,Catalonia Barcelona 505,https://www.booking.com/hotel/es/catalonia-barcelona-505.html,catalonia-barcelona-505,330.0,5.7991,330.0,0.0,21.0,4.0,8.4,3300,Very Good,3.3,"Sarrià-St. Gervasi, Barcelona",0,1,0,0,0,0,1,0,None,Hotel,,,,,,,,1.0,1.0,1.0,1.0,1.0,1.0,1.0,1.0,"Muntaner, 505, Sarrià-St. Gervasi, 08022 Barcelona, Spain",41.40334024,2.13720024
Barcelona,2026-10-03,2026-10-04,2026-09-03 10:43:54,29,1,Occidental Atenea Mar - Adults Only,https://www.booking.com/hotel/es/barcelo-atenea-mar.html,barcelo-atenea-mar,243.0,5.4931,243.0,0.0,21.0,4.0,8.5,2640,Very Good,3.9,"Sant Martí, Barcelona",0,0,1,0,1,0,1,0,None,Hotel,,,,,,,,1.0,1.0,1.0,1.0,1.0,1.0,1.0,1.0,"Paseo García Faria, 37-47, Sant Martí, 08019 Barcelona, Spain",41.40248117,2.2121425
Barcelona,2026-10-03,2026-10-04,2026-09-03 10:43:54,29,1,Bonanova Park,https://www.booking.com/hotel/es/bonanovapark.html,bonanovapark,232.0,5.4467,232.0,0.0,18.0,2.0,8.3,1680,Very Good,3.8,"Sarrià-St. Gervasi, Barcelona",0,0,0,1,0,0,0,0,None,Hotel,,,,,,,,1.0,1.0,1.0,1.0,1.0,1.0,1.0,1.0,"Capità Arenas, 51, Sarrià-St. Gervasi, 08034 Barcelona, Spain",41.39296027,2.12477222
Barcelona,2026-10-03,2026-10-04,2026-09-03 10:43:54,29,1,Leonardo Royal Hotel Barcelona Forum,https://www.booking.com/hotel/es/achotelsbarcelona.html,achotelsbarcelona,229.0,5.4337,229.0,0.0,21.0,4.0,8.3,3536,Very Good,4.8,"Sant Martí, Barcelona",0,0,0,0,1,0,1,0,None,Hotel,,,,,,,,1.0,1.0,1.0,1.0,1.0,1.0,1.0,1.0,"Paseo Taulat, 278, Sant Martí, 08019 Barcelona, Spain",41.41033909,2.21918195
Barcelona,2026-10-03,2026-10-04,2026-09-03 10:43:54,29,1,Catalonia Roma,https://www.booking.com/hotel/es/cataloniaroma.html,cataloniaroma,267.0,5.5872,267.0,0.0,18.0,3.0,8.7,2232,Standard,2.1,"Eixample, Barcelona",0,1,0,0,1,0,1,0,None,Hotel,,,,,,,,1.0,1.0,1.0,1.0,1.0,1.0,1.0,1.0,"Avenida Roma, 31, Eixample, 08029 Barcelona, Spain",41.38188533,2.14587986
Barcelona,2026-10-03,2026-10-04,2026-09-03 10:43:54,29,1,Catalonia La Boquería,https://www.booking.com/hotel/es/catalonia-la-boqueria.html,catalonia-la-boqueria,348.0,5.8522,348.0,0.0,21.0,4.0,8.5,3055,Very Good,0.7,"Ciutat Vella, Barcelona",0,1,0,0,0,0,1,0,None,Hotel,,,,,,,,1.0,1.0,1.0,1.0,1.0,1.0,1.0,1.0,"Hospital, 26, Ciutat Vella, 08001 Barcelona, Spain",41.38092536,2.17214406
Barcelona,2026-10-03,2026-10-04,2026-09-03 10:43:54,29,1,Catalonia Boulevard 4 Sup,https://www.booking.com/hotel/es/cataloniaboulevard.html,cataloniaboulevard,348.0,5.8522,348.0,0.0,21.0,4.0,8.9,1616,Standard,1.2,"Eixample, Barcelona",0,1,0,0,1,0,1,0,None,Hotel,,,,,,,,1.0,1.0,1.0,1.0,1.0,1.0,1.0,1.0,"Rosselló, 249, Eixample, 08008 Barcelona, Spain",41.39496839,2.15938479
Barcelona,2026-10-03,2026-10-04,2026-09-03 10:43:54,29,1,AC Hotel Sants by Marriott,https://www.booking.com/hotel/es/ac-sants.html,ac-sants,259.0,5.5568,259.0,0.0,47.0,4.0,8.2,1421,Very Good,2.8,"Sants-Montjuïc, Barcelona",0,1,0,0,0,0,1,0,None,Hotel,,,,,,,,1.0,1.0,1.0,1.0,1.0,1.0,1.0,1.0,"Passeig de Sant Antoni, 36-40, Sants-Montjuïc, 08014 Barcelona, Spain",41.37748885,2.13883638
Barcelona,2026-10-03,2026-10-04,2026-09-03 10:43:54,29,1,Leonardo Boutique Hotel Barcelona Sagrada Familia,https://www.booking.com/hotel/es/leonardo-boutique-hotel-barcelona-sagrada-familia.html,leonardo-boutique-hotel-barcelona-sagrada-familia,254.0,5.5373,254.0,0.0,18.0,3.0,8.9,2177,Standard,3.0,"Sant Martí, Barcelona",0,1,0,0,0,0,1,0,None,Hotel,,,,,,,,1.0,1.0,1.0,1.0,1.0,1.0,1.0,1.0,"Mallorca, 606, Sant Martí, 08026 Barcelona, Spain",41.41103612,2.1856872
Barcelona,2026-10-03,2026-10-04,2026-09-03 10:43:54,29,1,Hotel Vilamarí,https://www.booking.com/hotel/es/vilamari.html,vilamari,199.0,5.2933,199.0,0.0,20.0,4.0,8.4,1236,Very Good,1.9,"Eixample, Barcelona",0,0,0,0,0,0,1,0,None,Hotel,,,,,,,,1.0,1.0,1.0,1.0,1.0,1.0,1.0,1.0,"Vilamari, 34-36, Eixample, 08015 Barcelona, Spain",41.37663849,2.15247005
Barcelona,2026-10-03,2026-10-04,2026-09-03 10:43:54,29,1,Hotel Villa Emilia,https://www.booking.com/hotel/es/villa-emilia.html,villa-emilia,334.0,5.8111,334.0,0.0,21.0,4.0,9.0,1154,Wonderful,1.5,"Eixample, Barcelona",0,0,0,0,0,0,1,0,None,Villa,,,,,,,,1.0,1.0,1.0,1.0,1.0,1.0,1.0,1.0,"Calabria, 115-117, Eixample, 08015 Barcelona, Spain",41.38031153,2.15402909
Barcelona,2026-10-03,2026-10-04,2026-09-03 10:43:54,29,1,Catalonia Barcelona Plaza,https://www.booking.com/hotel/es/cataloniabarcelonaplaza.html,cataloniabarcelonaplaza,348.0,5.8522,348.0,0.0,21.0,4.0,8.8,5845,Standard,2.2,"Sants-Montjuïc, Barcelona",0,1,0,0,1,0,1,0,None,Hotel,,,,,,,,1.0,1.0,1.0,1.0,1.0,1.0,1.0,1.0,"Plaza España, 6-8, Sants-Montjuïc, 08014 Barcelona, Spain",41.37538559,2.14849636
Barcelona,2026-10-03,2026-10-04,2026-09-03 10:43:54,29,1,Catalonia Square 4* Sup,https://www.booking.com/hotel/es/catalonia-square.html,catalonia-square,383.0,5.948,383.0,0.0,21.0,4.0,9.1,1840,Wonderful,0.2,"Eixample, Barcelona",0,1,0,0,0,0,1,0,None,Hotel,,,,,,,,1.0,1.0,1.0,1.0,1.0,1.0,1.0,1.0,"Ronda Sant Pere, 9, Eixample, 08010 Barcelona, Spain",41.38859371,2.1712321
Barcelona,2026-10-03,2026-10-04,2026-09-03 10:43:54,29,1,Catalonia Albeniz,https://www.booking.com/hotel/es/cataloniaalbeniz.html,cataloniaalbeniz,278.0,5.6276,278.0,0.0,18.0,3.0,8.6,2259,Standard,2.7,"Sant Martí, Barcelona",0,1,0,0,0,0,1,0,None,Hotel,,,,,,,,1.0,1.0,1.0,1.0,1.0,1.0,1.0,1.0,"Aragón, 591 - 593, Sant Martí, 08026 Barcelona, Spain",41.40806591,2.18597889
Barcelona,2026-10-03,2026-10-04,2026-09-03 10:43:54,29,1,Hotel Casa Teva Barcelona,https://www.booking.com/hotel/es/casa-teva-barcelona.html,casa-teva-barcelona,351.0,5.8608,351.0,0.0,21.0,4.0,8.7,1934,Standard,1.0,"Ciutat Vella, Barcelona",0,0,0,0,0,0,1,0,None,Hotel,,,,,,,,1.0,1.0,1.0,1.0,1.0,1.0,1.0,1.0,"Marques de Barbera, 22, Ciutat Vella, 08001 Barcelona, Spain",41.37778068,2.17156738
Barcelona,2026-10-03,2026-10-04,2026-09-03 10:43:54,29,1,Somnio Hostels,https://www.booking.com/hotel/es/somnio-barcelona.html,somnio-barcelona,151.0,5.0173,151.0,0.0,16.0,2.0,7.8,968,Good,0.45,"Eixample, Barcelona",0,1,0,1,0,0,1,0,None,Hostel,,,,,,,,1.0,1.0,1.0,1.0,1.0,1.0,1.0,1.0,"Diputacio, 251, 2, Eixample, 08007 Barcelona, Spain",41.38902635,2.16528565
Barcelona,2026-10-03,2026-10-04,2026-09-03 10:43:54,29,1,Catalonia Eixample 1864,https://www.booking.com/hotel/es/catalonia-eixample-1864.html,catalonia-eixample-1864,348.0,5.8522,348.0,0.0,21.0,4.0,8.6,3751,Standard,0.7,"Eixample, Barcelona",0,1,0,0,1,0,1,0,None,Hotel,,,,,,,,1.0,1.0,1.0,1.0,1.0,1.0,1.0,1.0,"Roger de Llúria, 60, Eixample, 08009 Barcelona, Spain",41.39345224,2.16857672
Barcelona,2026-10-03,2026-10-04,2026-09-03 10:43:55,29,1,Hotel Lloret Ramblas,https://www.booking.com/hotel/es/lloret.html,lloret,333.0,5.8081,333.0,0.0,18.0,1.0,8.3,8965,Very Good,0.25,"Ciutat Vella, Barcelona",0,0,0,1,0,0,1,0,None,Hotel,,,,,,,,1.0,1.0,1.0,1.0,1.0,1.0,1.0,1.0,"Rambla Canaletes, 125, Ciutat Vella, 08002 Barcelona, Spain",41.38493925,2.17013776
Barcelona,2026-10-03,2026-10-04,2026-09-03 10:43:55,29,1,Holiday Inn Express Barcelona City 22@ by IHG,https://www.booking.com/hotel/es/express-by-holiday-inn-barcelona-city-22.html,express-by-holiday-inn-barcelona-city-22,276.0,5.6204,276.0,0.0,18.0,3.0,8.4,7179,Very Good,2.8,"Sant Martí, Barcelona",1,0,0,1,0,0,1,0,None,Hotel,,,,,,,,1.0,1.0,1.0,1.0,1.0,1.0,1.0,1.0,"Pallars, 203, Sant Martí, 08005 Barcelona, Spain",41.40145712,2.19775379
Barcelona,2026-10-03,2026-10-04,2026-09-03 10:43:55,29,1,NH Collection Barcelona Constanza,https://www.booking.com/hotel/es/nh-constanza.html,nh-constanza,284.0,5.649,284.0,0.0,21.0,4.0,8.8,3874,Standard,2.8,"Les Corts, Barcelona",0,0,0,0,0,0,1,0,None,Hotel,,,,,,,,1.0,1.0,1.0,1.0,1.0,1.0,1.0,1.0,"Déu i Mata, 66-99, Les Corts, 08029 Barcelona, Spain",41.38880299,2.13614881
Barcelona,2026-10-03,2026-10-04,2026-09-03 10:43:55,29,1,Mesón Castilla Atiram Hotels,https://www.booking.com/hotel/es/atirammesoncastilla.html,atirammesoncastilla,308.0,5.7301,308.0,0.0,18.0,3.0,8.7,1806,Standard,0.4,"Ciutat Vella, Barcelona",0,0,0,0,0,0,1,0,None,Hotel,,,,,,,,1.0,1.0,1.0,1.0,1.0,1.0,1.0,1.0,"Valldonzella, 5, Ciutat Vella, 08001 Barcelona, Spain",41.38474103,2.16649935
Barcelona,2026-10-03,2026-10-04,2026-09-03 10:43:55,29,1,Hotel Astoria,https://www.booking.com/hotel/es/astoriaderby333.html,astoriaderby333,285.0,5.6525,285.0,0.0,18.0,3.0,8.5,1424,Very Good,1.6,"Eixample, Barcelona",0,0,0,0,1,0,1,0,None,Hotel,,,,,,,,1.0,1.0,1.0,1.0,1.0,1.0,1.0,1.0,"Paris, 203, Eixample, 08036 Barcelona, Spain",41.3938597,2.15352684
Barcelona,2026-10-03,2026-10-04,2026-09-03 10:43:55,29,1,Lamaro Hotel Barcelona - Preferred Hotels & Resorts - Lifestyle Collection,https://www.booking.com/hotel/es/colon-barcelona.html,colon-barcelona,571.0,6.3474,571.0,0.0,31.0,5.0,8.8,3058,Standard,0.5,"Ciutat Vella, Barcelona",0,0,0,0,0,0,1,0,None,Resort,,,,,,,,1.0,1.0,1.0,1.0,1.0,1.0,1.0,1.0,"Avinguda Catedral, 7, Ciutat Vella, 08002 Barcelona, Spain",41.3850107,2.17592463
Dhaka,2026-10-03,2026-10-04,2026-09-03 10:45:14,29,1,West Park Inn,https://www.booking.com/hotel/bd/west-park-inn-dhaka.html,west-park-inn-dhaka,26.0,3.2581,26.0,0.0,4.0,3.0,6.2,489,Standard,7.7,"Gulshan, Dhaka (Banani)",1,1,0,0,0,0,0,0,None,Hotel,,,,,,,,1.0,0.0,0.0,0.0,0.0,0.0,0.0,1.0,,,
Dhaka,2026-10-03,2026-10-04,2026-09-03 10:45:14,29,1,Hotel Grand Circle Inn,https://www.booking.com/hotel/bd/grand-circle-inn-dhaka3.html,grand-circle-inn-dhaka3,24.0,3.1781,24.0,0.0,6.0,3.0,7.5,295,Good,2.2,Dhaka,1,0,0,0,0,0,0,0,None,Hotel,,,,,,,,1.0,0.0,0.0,0.0,0.0,0.0,0.0,1.0,,,
Dhaka,2026-10-03,2026-10-04,2026-09-03 10:45:14,29,1,Hotel Muna International Residential 6th floor,https://www.booking.com/hotel/bd/muna-international-residential-dhaka1.html,muna-international-residential-dhaka1,13.0,2.5649,13.0,0.0,2.0,0.0,6.7,85,Standard,3.6,Dhaka,0,1,0,0,0,0,0,0,None,Hotel,,,,,,,,1.0,0.0,0.0,0.0,0.0,0.0,0.0,1.0,,,
Dhaka,2026-10-03,2026-10-04,2026-09-03 10:45:14,29,1,GreyRooms,https://www.booking.com/hotel/bd/greenedge.html,greenedge,20.0,2.9957,20.0,0.0,3.0,0.0,8.2,144,Very Good,10.8,Dhaka,0,0,0,0,0,0,0,0,None,Hotel,,,,,,,,0.0,0.0,0.0,0.0,0.0,0.0,0.0,1.0,,,
Dhaka,2026-10-03,2026-10-04,2026-09-03 10:45:14,29,1,Grand Palace Hotel & Resort Dhaka,https://www.booking.com/hotel/bd/grand-palace-amp-resorts-dhaka-dhaka.html,grand-palace-amp-resorts-dhaka-dhaka,43.0,3.7612,43.0,0.0,11.0,4.0,8.6,363,Standard,1.7,Dhaka,1,0,0,0,0,0,1,0,None,Resort,,,,,,,,1.0,1.0,1.0,1.0,1.0,1.0,1.0,1.0,"22 Kakrail, Dhaka, 1000 Dhaka, Bangladesh",23.73867727,90.41004516
Dhaka,2026-10-03,2026-10-04,2026-09-03 10:45:14,29,1,Sea Shell Palace,https://www.booking.com/hotel/bd/sea-shell-palace.html,sea-shell-palace,18.0,2.8904,18.0,0.0,5.0,3.0,5.1,133,Standard,15.6,"Uttara, Dhaka",1,1,0,0,0,0,1,0,None,Hotel,,,,,,,,1.0,1.0,1.0,1.0,1.0,1.0,1.0,1.0,"113 Road-07, Uttara, 1230 Dhaka, Bangladesh",23.8635784,90.4009295
Dhaka,2026-10-03,2026-10-04,2026-09-03 10:45:14,29,1,Hotel The Enchanted Residence,https://www.booking.com/hotel/bd/the-enchanted-dhaka.html,the-enchanted-dhaka,33.0,3.4965,33.0,0.0,9.0,0.0,6.9,321,Standard,8.2,"Gulshan, Dhaka (Banani)",1,1,0,0,0,0,0,0,None,Hotel,,,,,,,,1.0,1.0,1.0,1.0,1.0,1.0,1.0,1.0,"Road No 27, House no 14, Block J, Banani 1213, Dhaka, Bangladesh, Gulshan, 1213 Dhaka, Bangladesh",23.79709395,90.40711796
Dhaka,2026-10-03,2026-10-04,2026-09-03 10:45:14,29,1,Best Eastern Apartments - With Balcony & Kitchen,https://www.booking.com/hotel/bd/best-eastern-apartment-dhaka.html,best-eastern-apartment-dhaka,24.0,3.1781,24.0,0.0,6.0,0.0,8.1,23,Very Good,12.1,Dhaka,0,1,0,0,0,0,0,0,None,Apartment,,,,,,,,1.0,1.0,1.0,1.0,1.0,1.0,1.0,1.0,"Nikunja 2 House-58, Road-19, 1229 Dhaka, Bangladesh",23.8318836,90.4178201
Dhaka,2026-10-03,2026-10-04,2026-09-03 10:45:14,29,1,Dhanmondi Lake View Hotel,https://www.booking.com/hotel/bd/lakeview-dhanmo.html,lakeview-dhanmo,13.0,2.5649,13.0,0.0,,3.0,,0,No reviews,3.9,Dhaka,0,1,0,0,0,0,0,0,None,Hotel,,,,,,,,1.0,1.0,1.0,1.0,1.0,1.0,1.0,1.0,"Mirpur Road Kalabagan Bus stop, Dhanmondi, 1205 Dhaka, Bangladesh",23.74726561,90.38033711
Dhaka,2026-10-03,2026-10-04,2026-09-03 10:45:14,29,1,Hotel 71,https://www.booking.com/hotel/bd/71.html,71,29.0,3.3673,29.0,0.0,8.0,3.0,7.5,967,Good,1.3,Dhaka,1,1,0,0,0,0,0,0,None,Hotel,,,,,,,,1.0,1.0,1.0,1.0,1.0,1.0,1.0,1.0,"Kaizuddin Tower, 176, Shaheed Syed Nazrul Islam Sarani, (Old-47, Bijoy Nagar), 1000 Dhaka, Bangladesh",23.73505937,90.41053087
Dhaka,2026-10-03,2026-10-04,2026-09-03 10:45:14,29,1,Bengal Blueberry,https://www.booking.com/hotel/bd/bengal-blueberry.html,bengal-blueberry,60.0,4.0943,60.0,0.0,16.0,4.0,8.6,240,Standard,8.2,"Gulshan, Dhaka",1,1,0,0,0,0,0,0,None,Hotel,,,,,,,,1.0,1.0,1.0,1.0,1.0,1.0,1.0,1.0,"House # 1/A, Road # 90, Gulshan-2,, Gulshan, 1212 Dhaka, Bangladesh",23.79614798,90.41524209
Dhaka,2026-10-03,2026-10-04,2026-09-03 10:45:14,29,1,Dhaka Residence Hotel,https://www.booking.com/hotel/bd/dhaka-residence-dhaka2.html,dhaka-residence-dhaka2,16.0,2.7726,16.0,0.0,3.0,2.0,6.0,38,Standard,14.3,Dhaka,0,0,0,0,0,0,0,0,None,Hotel,,,,,,,,1.0,1.0,1.0,1.0,1.0,1.0,1.0,1.0,"432 Sayed Tower, Ashkona-Dakkhinkhan Road, Haji Camp, Ashkona, 1230 Dhaka, Bangladesh",23.85150168,90.41425142
Dhaka,2026-10-03,2026-10-04,2026-09-03 10:45:14,29,1,Hotel Rongdhanu Residential,https://www.booking.com/hotel/bd/rongdhanu-residential-dhaka1.html,rongdhanu-residential-dhaka1,12.0,2.4849,12.0,0.0,,1.0,1.0,0,Standard,3.1,Dhaka,0,1,0,0,0,0,0,0,None,Hotel,,,,,,,,1.0,1.0,1.0,1.0,1.0,1.0,1.0,1.0,"Hotel Rongdhanu Residential House : 339 Dhaka - Mawa Highway, South Jatarabari Pubali Elaka, 1204 Dhaka, Bangladesh",23.7083119,90.4349034
Dhaka,2026-10-03,2026-10-04,2026-09-03 10:45:14,29,1,Hotel New Royal Palace Dhanmondi,https://www.booking.com/hotel/bd/royal-international-dhaka.html,royal-international-dhaka,8.0,2.0794,8.0,0.0,,0.0,6.1,7,Standard,3.9,Dhaka,0,1,0,0,0,0,1,0,None,Hotel,,,,,,,,1.0,1.0,1.0,1.0,1.0,1.0,1.0,1.0,"5 Mirpur Rd Mirpur Road Unit Number 4 (1st floor) Kalabagan, Beside Lazz Pharma Ltd, 1205 Dhaka, Bangladesh",23.74702862,90.38094922
Dhaka,2026-10-03,2026-10-04,2026-09-03 10:45:14,29,1,The Imperial Residence Banani,https://www.booking.com/hotel/bd/the-imperial-residence-dhaka4.html,the-imperial-residence-dhaka4,25.0,3.2189,25.0,0.0,,3.0,1.0,0,Standard,7.9,"Gulshan, Dhaka (Banani)",1,1,0,0,0,0,0,0,None,Hotel,,,,,,,,1.0,1.0,1.0,1.0,1.0,1.0,1.0,1.0,"The Imperial Residence Banani Kemal Ataturk Avenue, Lotus Plaza Plot-10, (Lift-5) C/A Banani, (Primeasia University), 1212 Dhaka, Bangladesh",23.7938557,90.4033517
Dhaka,2026-10-03,2026-10-04,2026-09-03 10:45:14,29,1,Entire -1 Bed Studio Flat Basundhara Ac Tv Netflix,https://www.booking.com/hotel/bd/entire-1-bed-studio-flat-basundhara-ac-tv-netflix.html,entire-1-bed-studio-flat-basundhara-ac-tv-netflix,20.0,2.9957,20.0,0.0,3.0,0.0,7.9,16,Good,11.0,Dhaka,0,0,0,0,0,0,1,0,None,Apartment,,,,,,,,1.0,1.0,1.0,1.0,1.0,1.0,1.0,1.0,"Basundhara block c road 2 house 1/F maati property, 1229 Dhaka, Bangladesh",23.820522,90.42746191
Dhaka,2026-10-03,2026-10-04,2026-09-03 10:45:14,29,1,Dhaka Unique Regency,https://www.booking.com/hotel/bd/dhaka-unique-regency.html,dhaka-unique-regency,42.0,3.7377,42.0,0.0,11.0,4.0,7.0,10,Good,7.8,"Gulshan, Dhaka (Banani)",1,1,0,0,0,0,0,0,None,Hotel,,,,,,,,1.0,1.0,1.0,1.0,1.0,1.0,1.0,1.0,"59/A Banani C/A, Road 17, Block C, Banani, Dhaka 1213, Dhaka, Bangladesh 7, 1213 Dhaka, Bangladesh",23.79315302,90.40401707
Dhaka,2026-10-03,2026-10-04,2026-09-03 10:45:14,29,1,Hotel Zakaria International,https://www.booking.com/hotel/bd/zakaria-int-39-l.html,zakaria-int-39-l,92.0,4.5218,92.0,0.0,24.0,2.0,5.4,249,Standard,6.4,Dhaka,0,1,0,0,0,0,0,0,None,Hotel,,,,,,,,1.0,1.0,1.0,1.0,1.0,1.0,1.0,1.0,"35 Bir Uttam AK Khandakar Road Mohakhali CA, 1212 Dhaka, Bangladesh",23.780704,90.40601
Dhaka,2026-10-03,2026-10-04,2026-09-03 10:45:14,29,1,Hostel by zooFamily,https://www.booking.com/hotel/bd/zoofamily.html,zoofamily,23.0,3.1355,23.0,0.0,4.0,0.0,9.3,334,Wonderful,16.6,"Uttara, Dhaka",0,0,0,0,0,0,0,0,None,Hostel,,,,,,,,1.0,1.0,1.0,1.0,1.0,1.0,1.0,1.0,"House 10, Sector 13, APT 5A, Shah Makhdum Ave, Uttara 5A, Uttara, 1230 Dhaka, Bangladesh",23.8704082,90.38411475
Dhaka,2026-10-03,2026-10-04,2026-09-03 10:45:14,29,1,Taz Garden House,https://www.booking.com/hotel/bd/taz-garden-house.html,taz-garden-house,16.0,2.7726,16.0,0.0,3.0,2.0,7.1,169,Good,16.7,"Uttara, Dhaka",0,1,0,0,0,0,0,0,None,Hotel,,,,,,,,1.0,1.0,1.0,1.0,1.0,1.0,1.0,1.0,"House-21/A, Road-35, Sector-7, Uttara, Dhaka House-21/A, Road-35, Sector-7, Uttara, Dhaka, Uttara, 1230 Dhaka, Bangladesh",23.873053,90.399843
Dhaka,2026-10-03,2026-10-04,2026-09-03 10:45:14,29,1,Hotel Blue Sky Mirpur,https://www.booking.com/hotel/bd/blue-sky-five-floor.html,blue-sky-five-floor,25.0,3.2189,25.0,0.0,,3.0,7.8,161,Good,10.0,"Mirpur, Dhaka",1,1,0,0,0,0,0,0,None,Hotel,,,,,,,,1.0,1.0,1.0,1.0,1.0,1.0,1.0,1.0,"Capital Tower shopping Complex Floor Number : 5 Lift (5), 1216 Dhaka, Bangladesh",23.7977805,90.3529989
Dhaka,2026-10-03,2026-10-04,2026-09-03 10:45:14,29,1,Hotel Seven Star,https://www.booking.com/hotel/bd/seven-star.html,seven-star,14.0,2.6391,14.0,0.0,1.0,1.0,6.4,145,Standard,0.5,Dhaka,0,1,0,0,0,0,0,0,None,Hotel,,,,,,,,1.0,1.0,1.0,1.0,1.0,1.0,1.0,1.0,"99 Bcc Road Thatari Bazaar, 1203 Dhaka, Bangladesh",23.72097711,90.41347658
Dhaka,2026-10-03,2026-10-04,2026-09-03 10:45:14,29,1,Hotel Prime Inn,https://www.booking.com/hotel/bd/mirpur-inn.html,mirpur-inn,15.0,2.7081,15.0,0.0,,2.0,9.0,2,Wonderful,10.2,"Mirpur, Dhaka",0,1,0,0,0,0,0,0,None,Hotel,,,,,,,,1.0,1.0,1.0,1.0,1.0,1.0,1.0,1.0,"13/08 Mirpur Rd Plot No-5, Block-Ka, Section-6, Main Road-1, (Raw Nation Building) Mirpur, 1216 Dhaka, Bangladesh",23.80586091,90.36515042
Dhaka,2026-10-03,2026-10-04,2026-09-03 10:45:14,29,1,Hotel White Stone,https://www.booking.com/hotel/bd/white-stone-dhaka.html,white-stone-dhaka,28.0,3.3322,28.0,0.0,5.0,2.0,7.3,14,Good,12.5,Dhaka,0,1,0,0,0,0,0,0,None,Hotel,,,,,,,,1.0,1.0,1.0,1.0,1.0,1.0,1.0,1.0,"House # 04 Road -19, Nikunja -2, Khilkhet, 1229 Dhaka, Bangladesh",23.83561775,90.41659922
Dhaka,2026-10-03,2026-10-04,2026-09-03 10:45:14,29,1,The Ambassador Hotel Dhaka,https://www.booking.com/hotel/bd/the-dhanmondi.html,the-dhanmondi,26.0,3.2581,26.0,0.0,7.0,3.0,7.1,42,Good,4.6,Dhaka,1,1,0,0,0,0,0,0,None,Hotel,,,,,,,,1.0,1.0,1.0,1.0,1.0,1.0,1.0,1.0,"744 Satmasjid Road 44 (New) 744, old Satmasjid Road, Dhanmondi (Near Ibn Sina Diagnostic and Imaging Center), 1209 Dhaka, Bangladesh",23.74583984,90.37140061
Dhaka,2026-10-03,2026-10-04,2026-09-03 10:45:14,29,1,Crown Palace Residence,https://www.booking.com/hotel/bd/crown-palace-residence.html,crown-palace-residence,29.0,3.3673,29.0,0.0,8.0,3.0,7.5,121,Good,15.8,"Uttara, Dhaka",1,1,0,0,0,0,1,0,None,Hotel,,,,,,,,1.0,1.0,1.0,1.0,1.0,1.0,1.0,1.0,"House 36, Road 7, Sector 3, Uttara, Uttara, 1230 Dhaka, Bangladesh",23.864615,90.394517
Dhaka,2026-10-03,2026-10-04,2026-09-03 10:45:14,29,1,Priyo Nibash Stylish Residential Hotel,https://www.booking.com/hotel/bd/priyo-nibash-stylish-residential-dhaka.html,priyo-nibash-stylish-residential-dhaka,30.0,3.4012,30.0,0.0,8.0,4.0,8.0,418,Very Good,3.9,Dhaka,0,1,0,0,0,0,0,0,None,Hotel,,,,,,,,1.0,1.0,1.0,1.0,1.0,1.0,1.0,1.0,"Green Road 152/2/K-2 Green Road, Panthapath ( Near Health and Hope Hospital), 1205 Dhaka, Bangladesh",23.75092181,90.38582641
Dhaka,2026-10-03,2026-10-04,2026-09-03 10:45:14,29,1,Best Eastern Suite,https://www.booking.com/hotel/bd/best-eastern-suite.html,best-eastern-suite,20.0,2.9957,20.0,0.0,4.0,0.0,8.0,8,Very Good,12.4,Dhaka,0,1,0,0,0,0,0,0,None,Apartment,,,,,,,,1.0,1.0,1.0,1.0,1.0,1.0,1.0,1.0,"House#58 Road Number 19, Nikunja -2, Dhaka-1229, 1229 Dhaka, Bangladesh",23.8346954,90.414483
Dhaka,2026-10-03,2026-10-04,2026-09-03 10:45:14,29,1,GR MEET & GREET,https://www.booking.com/hotel/bd/gr-meet-amp-greet-dhaka.html,gr-meet-amp-greet-dhaka,23.0,3.1355,23.0,0.0,4.0,0.0,7.2,68,Good,15.9,"Uttara, Dhaka",0,1,0,0,0,0,0,0,None,Hotel,,,,,,,,1.0,1.0,1.0,1.0,1.0,1.0,1.0,1.0,"House-30, Road-20 Sector-03, Uttara, Uttara, 1230 Dhaka, Bangladesh",23.86540948,90.39340289
Dhaka,2026-10-03,2026-10-04,2026-09-03 10:45:14,29,1,Memento Suites an Airport Hotel,https://www.booking.com/hotel/bd/memento-suites-an-airport.html,memento-suites-an-airport,28.0,3.3322,28.0,0.0,7.0,3.0,5.8,80,Standard,16.7,"Uttara, Dhaka",0,1,0,0,0,0,0,0,None,Hotel,,,,,,,,1.0,1.0,1.0,1.0,1.0,1.0,1.0,1.0,"House#09 A, Road#03, Sector#13 Uttara, Uttara, 1230 Dhaka, Bangladesh",23.87290167,90.39144435
Dhaka,2026-10-03,2026-10-04,2026-09-03 10:45:14,29,1,InterContinental Dhaka by IHG,https://www.booking.com/hotel/bd/intercontinental-hotels-dhaka.html,intercontinental-hotels-dhaka,139.0,4.9345,139.0,0.0,43.0,5.0,8.5,212,Very Good,2.3,Dhaka,0,0,0,0,0,0,0,0,None,Hotel,,,,,,,,1.0,1.0,1.0,1.0,1.0,1.0,1.0,1.0,"1 Minto Road, 1000 Dhaka, Bangladesh",23.74066491,90.3973446
Dhaka,2026-10-03,2026-10-04,2026-09-03 10:45:14,29,1,Radisson Blu Dhaka Water Garden,https://www.booking.com/hotel/bd/radisson-blu-water-garden-dhaka.html,radisson-blu-water-garden-dhaka,162.0,5.0876,162.0,0.0,48.0,5.0,7.6,255,Good,10.3,Dhaka,1,1,0,0,0,0,0,0,None,Hotel,,,,,,,,1.0,1.0,1.0,1.0,1.0,1.0,1.0,1.0,"Airport road, 1206 Dhaka, Bangladesh",23.81594744,90.40813029
Dhaka,2026-10-03,2026-10-04,2026-09-03 10:45:14,29,1,Hotel New Kalabagan,https://www.booking.com/hotel/bd/new-kalabagan-dhaka.html,new-kalabagan-dhaka,17.0,2.8332,17.0,0.0,,3.0,7.2,20,Good,3.9,Dhaka,0,1,0,0,0,0,0,0,None,Hotel,,,,,,,,1.0,1.0,1.0,1.0,1.0,1.0,1.0,1.0,"brothers mansion House Name : 8 Brothers mansion, (1st Floor), Kalabgan Bus Stand Mirpur Rd, Dhaka, 1205 Dhaka, Bangladesh",23.74719466,90.38085906
Dhaka,2026-10-03,2026-10-04,2026-09-03 10:45:14,29,1,Hotel Rose International,https://www.booking.com/hotel/bd/rose-international.html,rose-international,9.0,2.1972,9.0,0.0,1.0,1.0,5.9,30,Standard,9.8,"Mirpur, Dhaka",0,1,0,0,0,0,0,0,None,Hotel,,,,,,,,1.0,1.0,1.0,1.0,1.0,1.0,1.0,1.0,"2/A Darus Salam Rd, 1216 Dhaka, Bangladesh",23.79561407,90.35357163
Dhaka,2026-10-03,2026-10-04,2026-09-03 10:45:14,29,1,Hotel Golden Bird,https://www.booking.com/hotel/bd/khurshed-express-residential.html,khurshed-express-residential,15.0,2.7081,15.0,0.0,2.0,2.0,7.1,34,Good,16.8,"Uttara, Dhaka",0,1,0,0,0,0,0,0,None,Hotel,,,,,,,,1.0,1.0,1.0,1.0,1.0,1.0,1.0,1.0,"HOUSE-4, ROAD-12, SEC6, UTTARA, 1230 Dhaka, Bangladesh",23.87368256,90.40093558
Dhaka,2026-10-03,2026-10-04,2026-09-03 10:45:14,29,1,Central Inn City Center Dhaka,https://www.booking.com/hotel/bd/central-inn-dhaka2.html,central-inn-dhaka2,35.0,3.5553,35.0,0.0,,3.0,7.3,3,Good,1.1,Dhaka,0,1,0,0,0,0,0,0,None,Hotel,,,,,,,,1.0,1.0,1.0,1.0,1.0,1.0,1.0,1.0,"Rahmania International Complex 28/1/C Toyenbee Circular Road, Motijheel, 1000 Dhaka, Bangladesh",23.7312627,90.4154985
Dhaka,2026-10-03,2026-10-04,2026-09-03 10:45:14,29,1,Entire - Studio Apartment Basundhara Cheapest Deal,https://www.booking.com/hotel/bd/entire-studio-apartment-basundhara-cheapest-deal-dhaka.html,entire-studio-apartment-basundhara-cheapest-deal-dhaka,17.0,2.8332,17.0,0.0,3.0,0.0,8.0,5,Very Good,11.0,Dhaka,0,0,0,0,0,0,0,0,None,Apartment,,,,,,,,1.0,1.0,1.0,1.0,1.0,1.0,1.0,1.0,"Block c road 2 house 1 F Maati, 1229 Dhaka, Bangladesh",23.8206138,90.42732952
Dhaka,2026-10-03,2026-10-04,2026-09-03 10:45:14,29,1,Ali International Hotel,https://www.booking.com/hotel/bd/ali-international-dhaka2.html,ali-international-dhaka2,12.0,2.4849,12.0,0.0,2.0,0.0,5.6,154,Standard,15.0,Dhaka,0,1,0,0,0,0,0,0,None,Hotel,,,,,,,,1.0,1.0,1.0,1.0,1.0,1.0,1.0,1.0,"Beside Airport railway station , Shohid Latif Road,Dhaka, 1230 Dhaka, Bangladesh",23.85784636,90.40700309
Dhaka,2026-10-03,2026-10-04,2026-09-03 10:45:14,29,1,Dhanmondi Lake View Hotel,https://www.booking.com/hotel/bd/lake-view-dhaka4.html,lake-view-dhaka4,21.0,3.0445,21.0,0.0,,0.0,,0,No reviews,3.9,Dhaka,0,1,0,0,0,0,0,0,None,Hotel,,,,,,,,1.0,1.0,1.0,1.0,1.0,1.0,1.0,1.0,"Kalabagan East Bus Stop 10 Mirpur Road, Alta Plaza, Dhanmondi R/A, Dhaka 1205, Bangladesh, 1205 Dhaka, Bangladesh",23.74758092,90.38056981
Dhaka,2026-10-03,2026-10-04,2026-09-03 10:45:14,29,1,Richmond Hotel & Suites,https://www.booking.com/hotel/bd/richmond-amp-suites.html,richmond-amp-suites,33.0,3.4965,33.0,0.0,8.0,3.0,6.6,294,Standard,15.2,"Uttara, Dhaka",1,0,0,0,0,0,0,0,None,Hotel,,,,,,,,1.0,1.0,1.0,1.0,1.0,1.0,1.0,1.0,"House-02, Road-10, Sector-01, Uttara, Uttara, 1230 Dhaka, Bangladesh",23.85941802,90.4006631
Dhaka,2026-10-03,2026-10-04,2026-09-03 10:45:14,29,1,Hotel Green Garden Residential,https://www.booking.com/hotel/bd/green-garden-dhaka1.html,green-garden-dhaka1,11.0,2.3979,11.0,0.0,,0.0,,0,No reviews,3.2,Dhaka,0,1,0,0,0,0,0,0,None,Hotel,,,,,,,,1.0,1.0,1.0,1.0,1.0,1.0,1.0,1.0,"326 N1 325/C Floor Number 02 South Jatrabari, Adjust to the Intersection, Jatrabari, 1204 Dhaka, Bangladesh",23.7091234,90.435528
Dhaka,2026-10-03,2026-10-04,2026-09-03 10:45:14,29,1,Imperial Swiss Garden Dhaka,https://www.booking.com/hotel/bd/swiss-garden.html,swiss-garden,37.0,3.6109,37.0,0.0,10.0,3.0,7.3,44,Good,7.6,"Gulshan, Dhaka (Banani)",1,1,0,0,0,0,0,0,None,Hotel,,,,,,,,1.0,1.0,1.0,1.0,1.0,1.0,1.0,1.0,"Road # 13,House # 89,Block-D,Banani, Gulshan, 1213 Dhaka, Bangladesh",23.79169661,90.40454149
Dhaka,2026-10-03,2026-10-04,2026-09-03 10:45:14,29,1,Royal Richmond Hotel,https://www.booking.com/hotel/bd/royal-richmond.html,royal-richmond,30.0,3.4012,30.0,0.0,8.0,3.0,6.0,2,Standard,16.1,"Uttara, Dhaka",1,1,0,0,0,0,0,0,None,Hotel,,,,,,,,1.0,1.0,1.0,1.0,1.0,1.0,1.0,1.0,"House 52, Road 04, Sector 03, Uttara 10, 1230 Dhaka, Bangladesh",23.86717871,90.39798751
Dhaka,2026-10-03,2026-10-04,2026-09-03 10:45:14,29,1,Hotel D Palace,https://www.booking.com/hotel/bd/d-palace-dhaka1.html,d-palace-dhaka1,17.0,2.8332,17.0,0.0,3.0,3.0,5.9,7,Standard,14.2,Dhaka,1,1,0,0,0,0,1,0,None,Hotel,,,,,,,,1.0,1.0,1.0,1.0,1.0,1.0,1.0,1.0,"Hajj Camp, 1230 Dhaka, Bangladesh",23.8503968,90.4120026
Dhaka,2026-10-03,2026-10-04,2026-09-03 10:45:14,29,1,Sufia House Apartment,https://www.booking.com/hotel/bd/sufia-house-modern-apartment.html,sufia-house-modern-apartment,35.0,3.5553,35.0,0.0,9.0,0.0,9.4,23,Wonderful,4.9,Dhaka,0,1,0,0,0,0,0,0,None,Apartment,,,,,,,,1.0,1.0,1.0,1.0,1.0,1.0,1.0,1.0,"293/A, Apt. C1, Tali Office Road, Rayer Bazar, 1209 Dhaka, Bangladesh",23.74191251,90.36508945
Dhaka,2026-10-03,2026-10-04,2026-09-03 10:45:14,29,1,Tropical Daisy - Lake View,https://www.booking.com/hotel/bd/daisy.html,daisy,26.0,3.2581,26.0,0.0,7.0,3.0,6.8,10,Standard,7.4,"Gulshan, Dhaka",1,1,0,0,0,0,0,0,None,Hotel,,,,,,,,1.0,1.0,1.0,1.0,1.0,1.0,1.0,1.0,"Lakeside House, Road 35 A Lake Bridge way, Gulshan-2, Gulshan, 1212 Dhaka, Bangladesh",23.78959362,90.41310972
Dhaka,2026-10-03,2026-10-04,2026-09-03 10:45:14,29,1,The Castle Inn Hotel & Restaurant Uttara Dhaka,https://www.booking.com/hotel/bd/the-69-amp-restaurant.html,the-69-amp-restaurant,31.0,3.434,31.0,0.0,8.0,4.0,7.2,106,Good,17.2,"Uttara, Dhaka",1,0,0,0,0,0,0,0,None,Hotel,,,,,,,,1.0,1.0,1.0,1.0,1.0,1.0,1.0,1.0,"House ,17,Road 06,sector 09,Uttara,Dhaka-1230, Uttara, 1230 Dhaka, Bangladesh",23.877298,90.397205
Dhaka,2026-10-03,2026-10-04,2026-09-03 10:45:14,29,1,Garden Residents Uttara - Lake View,https://www.booking.com/hotel/bd/garden-residents-uttara-lake-view.html,garden-residents-uttara-lake-view,44.0,3.7842,44.0,0.0,7.0,2.0,6.9,208,Standard,15.9,"Uttara, Dhaka",1,1,0,0,0,0,0,0,None,Hotel,,,,,,,,1.0,1.0,1.0,1.0,1.0,1.0,1.0,1.0,"Road Number 20, Uttara, 1230 Dhaka, Bangladesh",23.86555868,90.39337935
Dhaka,2026-10-03,2026-10-04,2026-09-03 10:45:14,29,1,Hotel Prime City Residential,https://www.booking.com/hotel/bd/prime-city-residential.html,prime-city-residential,14.0,2.6391,14.0,0.0,,0.0,5.5,2,Standard,10.1,"Mirpur, Dhaka",0,1,0,0,0,0,0,0,None,Hotel,,,,,,,,1.0,1.0,1.0,1.0,1.0,1.0,1.0,1.0,"Mazar Rd Bakhtiyar Complex (3rd Floor) 254, Darussalam, 1216 Dhaka, Bangladesh",23.79526369,90.34908525
Dhaka,2026-10-03,2026-10-04,2026-09-03 10:45:14,29,1,Crowne Plaza Dhaka Gulshan by IHG,https://www.booking.com/hotel/bd/crowne-plaza-dhaka-gulshan.html,crowne-plaza-dhaka-gulshan,132.0,4.8828,132.0,0.0,41.0,5.0,8.8,209,Standard,8.0,"Gulshan, Dhaka",0,0,0,0,0,0,0,0,None,Hotel,,,,,,,,1.0,1.0,1.0,1.0,1.0,1.0,1.0,1.0,"6A North Avenue Commercial Area, Gulshan, 1212 Dhaka, Bangladesh",23.79459,90.41395
Cox's Bazar,2026-10-03,2026-10-04,2026-09-03 10:47:38,29,1,Neeshorgo Hotel & Resort,https://www.booking.com/hotel/bd/neeshorgo.html,neeshorgo,36.0,3.5835,36.0,0.0,5.0,0.0,6.3,9,Standard,4.5,Cox's Bazar,0,1,1,0,0,0,1,0,None,Resort,,,,,,,,1.0,0.0,0.0,0.0,0.0,0.0,0.0,1.0,,,
Cox's Bazar,2026-10-03,2026-10-04,2026-09-03 10:47:38,29,1,Hotel Grand Pacific,https://www.booking.com/hotel/bd/grand-pacific-coxs-bazar.html,grand-pacific-coxs-bazar,48.0,3.8712,48.0,0.0,8.0,5.0,8.2,21,Very Good,3.0,Cox's Bazar,1,0,0,0,0,0,1,0,None,Hotel,,,,,,,,1.0,1.0,1.0,1.0,0.0,0.0,0.0,1.0,"Hotel Grand Pacific, 4700 Cox's Bazar, Bangladesh",,
Cox's Bazar,2026-10-03,2026-10-04,2026-09-03 10:47:38,29,1,Hotel Impulse Ocean View,https://www.booking.com/hotel/bd/impulse-ocean-view-coxs-bazar.html,impulse-ocean-view-coxs-bazar,26.0,3.2581,26.0,0.0,4.0,2.0,7.0,0,Good,1.7,Cox's Bazar,0,1,0,0,0,0,1,0,None,Hotel,,,,,,,,1.0,0.0,0.0,0.0,0.0,0.0,0.0,1.0,,,
Cox's Bazar,2026-10-03,2026-10-04,2026-09-03 10:47:38,29,1,Hotel Sea Cox,https://www.booking.com/hotel/bd/sea-cox.html,sea-cox,25.0,3.2189,25.0,0.0,4.0,3.0,6.3,170,Standard,2.4,Cox's Bazar,1,1,0,0,0,0,1,0,None,Hotel,,,,,,,,0.0,0.0,0.0,0.0,0.0,0.0,0.0,1.0,,,
Cox's Bazar,2026-10-03,2026-10-04,2026-09-03 10:47:38,29,1,Royal Pearl Suites,https://www.booking.com/hotel/bd/royal-pearl-suites.html,royal-pearl-suites,21.0,3.0445,21.0,0.0,6.0,4.0,7.4,129,Good,1.5,Cox's Bazar,1,1,0,0,0,0,1,0,None,Hotel,,,,,,,,1.0,1.0,1.0,1.0,1.0,1.0,1.0,1.0,"Kolatoli Road, 4700 Cox's Bazar, Bangladesh",21.42823497,91.97918382
Cox's Bazar,2026-10-03,2026-10-04,2026-09-03 10:47:38,29,1,Alfa Wave Coxs Bazar,https://www.booking.com/hotel/bd/alfa-wave-apartments-private-double-en-suites.html,alfa-wave-apartments-private-double-en-suites,25.0,3.2189,25.0,0.0,4.0,0.0,7.4,5,Good,2.1,Cox's Bazar,0,1,0,0,0,0,1,0,None,Hotel,,,,,,,,1.0,1.0,1.0,1.0,1.0,1.0,1.0,1.0,"Hotel Alfa Wave Apartment 401, 4700 Cox's Bazar, Bangladesh",21.4228955,91.9806176
Cox's Bazar,2026-10-03,2026-10-04,2026-09-03 10:47:38,29,1,Hotel Windy Terrace,https://www.booking.com/hotel/bd/resort-beach-view-coxs-bazar1.html,resort-beach-view-coxs-bazar1,35.0,3.5553,35.0,0.0,6.0,0.0,7.7,14,Good,2.5,Cox's Bazar,1,1,0,0,0,0,1,0,None,Hotel,,,,,,,,1.0,1.0,1.0,1.0,1.0,1.0,1.0,1.0,"Plot # 10, Block # C, Kolatoli Road, 4700 Cox's Bazar, Bangladesh",21.41955225,91.98243547
Cox's Bazar,2026-10-03,2026-10-04,2026-09-03 10:47:38,29,1,Seagull Hotel Ltd,https://www.booking.com/hotel/bd/seagull-hotels-ltd-cox-39-s-bazar123.html,seagull-hotels-ltd-cox-39-s-bazar123,40.0,3.6889,40.0,0.0,11.0,5.0,6.6,228,Standard,1.9,Cox's Bazar,0,0,1,0,0,0,1,0,None,Hotel,,,,,,,,1.0,1.0,1.0,1.0,1.0,1.0,1.0,1.0,"Plot 6,7 & 8, Hotel Motel Zone, Sea Beach 4701 Cox's Bazar, Chittagong Division, Bangladesh, 4701 Cox's Bazar, Bangladesh",21.42476873,91.9758407
Cox's Bazar,2026-10-03,2026-10-04,2026-09-03 10:47:38,29,1,Best Western Heritage,https://www.booking.com/hotel/bd/best-western-heritage-cox-39-s-bazar4.html,best-western-heritage-cox-39-s-bazar4,52.0,3.9512,52.0,0.0,14.0,5.0,7.4,131,Good,3.8,Cox's Bazar,1,0,0,0,0,0,1,0,None,Hotel,,,,,,,,1.0,1.0,1.0,1.0,1.0,1.0,1.0,1.0,"Dolphin Circle, Kolatoli, Cox's Bazar., 4700 Cox's Bazar, Bangladesh",21.40870447,91.98879992
Cox's Bazar,2026-10-03,2026-10-04,2026-09-03 10:47:38,29,1,Long Beach Hotel,https://www.booking.com/hotel/bd/long-beach-cox-39-s-bazar.html,long-beach-cox-39-s-bazar,46.0,3.8286,46.0,0.0,12.0,4.0,7.8,250,Good,1.8,Cox's Bazar,1,1,0,0,0,0,1,0,None,Hotel,,,,,,,,1.0,1.0,1.0,1.0,1.0,1.0,1.0,1.0,"14 Kalatoli, Hotel-Motel Zone, 4700 Cox's Bazar, Bangladesh",21.4258352,91.97862804
Cox's Bazar,2026-10-03,2026-10-04,2026-09-03 10:47:38,29,1,Well Park Resort,https://www.booking.com/hotel/bd/well-park.html,well-park,25.0,3.2189,25.0,0.0,4.0,0.0,4.3,3,Standard,1.8,Cox's Bazar,1,1,0,0,0,0,1,0,None,Resort,,,,,,,,1.0,1.0,1.0,1.0,1.0,1.0,1.0,1.0,"13 New Beach Rd, Kolatali., 4700 Cox's Bazar, Bangladesh",21.4259678,91.978866
Cox's Bazar,2026-10-03,2026-10-04,2026-09-03 10:47:38,29,1,Dynamic SH Resort,https://www.booking.com/hotel/bd/dynamic-sh-resort.html,dynamic-sh-resort,14.0,2.6391,14.0,0.0,2.0,0.0,3.5,6,Standard,2.9,Cox's Bazar,0,1,0,0,0,0,1,0,None,Resort,,,,,,,,1.0,1.0,1.0,1.0,1.0,1.0,1.0,1.0,"Kolatoli Cirlce, Dolfin moor,, 4700 Cox's Bazar, Bangladesh",21.41621993,91.98442095
Cox's Bazar,2026-10-03,2026-10-04,2026-09-03 10:47:38,29,1,Sunset Bay Hotel,https://www.booking.com/hotel/bd/sunset-bay.html,sunset-bay,18.0,2.8904,18.0,0.0,3.0,0.0,4.9,13,Standard,3.5,Cox's Bazar,1,1,0,0,0,0,1,0,None,Hotel,,,,,,,,1.0,1.0,1.0,1.0,1.0,1.0,1.0,1.0,"Marine Drive Raod Kolatali, Cox's Bazar, 4700 Cox's Bazar, Bangladesh",21.41285,91.9906
Cox's Bazar,2026-10-03,2026-10-04,2026-09-03 10:47:38,29,1,Laguna Beach Hotel & Resort,https://www.booking.com/hotel/bd/laguna-beach-amp-resort.html,laguna-beach-amp-resort,25.0,3.2189,25.0,0.0,4.0,3.0,6.1,115,Standard,1.9,Cox's Bazar,1,1,0,0,0,0,1,0,None,Resort,,,,,,,,1.0,1.0,1.0,1.0,1.0,1.0,1.0,1.0,"Plot No. 39, Block-B, Kolatoli Road, Sugandha Point, 4700 Cox's Bazar, Bangladesh",21.42474554,91.98028422
Cox's Bazar,2026-10-03,2026-10-04,2026-09-03 10:47:38,29,1,"Allegro Suites, Cox's Bazar",https://www.booking.com/hotel/bd/allegro-suites-coxs-bazar.html,allegro-suites-coxs-bazar,36.0,3.5835,36.0,0.0,6.0,3.0,6.5,18,Standard,1.8,Cox's Bazar,1,1,0,0,0,0,1,0,None,Hotel,,,,,,,,1.0,1.0,1.0,1.0,1.0,1.0,1.0,1.0,"Plot 65, Bloack A, Kolatali, Cox's Bazar, 4700 Cox's Bazar, Bangladesh",21.42588327,91.98006379
Cox's Bazar,2026-10-03,2026-10-04,2026-09-03 10:47:38,29,1,Sea Pearl Beach Resort & Spa Cox's Bazar,https://www.booking.com/hotel/bd/sea-pearl-beach-resort-amp-spa-cox-39-s-bazar.html,sea-pearl-beach-resort-amp-spa-cox-39-s-bazar,61.0,4.1109,61.0,0.0,16.0,5.0,7.1,408,Good,21.3,Cox's Bazar,0,0,1,0,0,0,1,0,None,Resort,,,,,,,,1.0,1.0,1.0,1.0,1.0,1.0,1.0,1.0,"Jaliapalong, Innai, 4750 Cox's Bazar, Bangladesh",21.270363,92.070197
Cox's Bazar,2026-10-03,2026-10-04,2026-09-03 10:47:38,29,1,Jol Torongo,https://www.booking.com/hotel/bd/jol-torongo.html,jol-torongo,80.0,4.382,80.0,0.0,13.0,4.0,5.6,47,Standard,1.8,Cox's Bazar,1,1,0,0,0,0,1,0,None,Hotel,,,,,,,,1.0,1.0,1.0,1.0,1.0,1.0,1.0,1.0,"Laboni Beach, 4700 Cox's Bazar, Bangladesh",21.42602058,91.97428687
Cox's Bazar,2026-10-03,2026-10-04,2026-09-03 10:47:38,29,1,Sunrise Horizon Hotel,https://www.booking.com/hotel/bd/nitol-bay-resort-cox-39-s-bazar1.html,nitol-bay-resort-cox-39-s-bazar1,28.0,3.3322,28.0,0.0,5.0,0.0,6.2,38,Standard,2.6,Cox's Bazar,1,1,0,0,0,0,1,0,None,Hotel,,,,,,,,1.0,1.0,1.0,1.0,1.0,1.0,1.0,1.0,"Plot 13,14, Block C, Kolatali Road., 4700 Cox's Bazar, Bangladesh",21.41890955,91.98287959
Cox's Bazar,2026-10-03,2026-10-04,2026-09-03 10:47:38,29,1,Shopnil Shindhu,https://www.booking.com/hotel/bd/shopnil-shindhu-coxs-bazar.html,shopnil-shindhu-coxs-bazar,70.0,4.2485,70.0,0.0,12.0,4.0,7.7,22,Good,1.2,Cox's Bazar,1,1,0,0,0,0,1,0,None,Hotel,,,,,,,,1.0,1.0,1.0,1.0,1.0,1.0,1.0,1.0,"Laboni Beach Rd, 4700 Cox's Bazar, Bangladesh",21.430979,91.9766271
Cox's Bazar,2026-10-03,2026-10-04,2026-09-03 10:47:38,29,1,The Swiss Hotel & Resort,https://www.booking.com/hotel/bd/the-swiss.html,the-swiss,32.0,3.4657,32.0,0.0,5.0,3.0,3.2,4,Standard,1.7,Cox's Bazar,1,1,0,0,0,0,1,0,None,Resort,,,,,,,,1.0,1.0,1.0,1.0,1.0,1.0,1.0,1.0,"Kolatoli Rd, 4700 Cox's Bazar, Bangladesh",21.42650092,91.97819382
Cox's Bazar,2026-10-03,2026-10-04,2026-09-03 10:47:38,29,1,Grace Cox Smart Hotel,https://www.booking.com/hotel/bd/grace-cox-smart-cox-39-s-bazar.html,grace-cox-smart-cox-39-s-bazar,31.0,3.434,31.0,0.0,5.0,4.0,6.2,14,Standard,2.4,Cox's Bazar,1,1,0,0,0,0,1,0,None,Hotel,,,,,,,,1.0,1.0,1.0,1.0,1.0,1.0,1.0,1.0,"Plot 22, Block C, Kolatali, 4700 Cox's Bazar, Bangladesh",21.42020221,91.98281398
Cox's Bazar,2026-10-03,2026-10-04,2026-09-03 10:47:38,29,1,Sun Oasis Resort,https://www.booking.com/hotel/bd/sun-oasis-resort.html,sun-oasis-resort,22.0,3.091,22.0,0.0,4.0,0.0,4.8,22,Standard,4.5,Cox's Bazar,1,1,0,0,0,0,1,0,None,Resort,,,,,,,,1.0,1.0,1.0,1.0,1.0,1.0,1.0,1.0,"Marine Drive Road, Nearby Hotel Neeshorgo, Kolatali, 4700 Cox's Bazar, Bangladesh",21.4038908,91.9928364
Cox's Bazar,2026-10-03,2026-10-04,2026-09-03 10:47:38,29,1,Hotel Golden Hill,https://www.booking.com/hotel/bd/golden-hill.html,golden-hill,29.0,3.3673,29.0,0.0,4.0,0.0,6.3,63,Standard,2.0,Cox's Bazar,1,1,0,0,0,0,1,0,None,Hotel,,,,,,,,1.0,1.0,1.0,1.0,1.0,1.0,1.0,1.0,"Plot # 65, Block # B Sugandha Point, Cox's Bazar, 4700 Cox's Bazar, Bangladesh",21.423631,91.980978
Cox's Bazar,2026-10-03,2026-10-04,2026-09-03 10:47:38,29,1,Cox West Inn,https://www.booking.com/hotel/bd/cox-west-inn.html,cox-west-inn,21.0,3.0445,21.0,0.0,3.0,3.0,6.2,10,Standard,1.8,Cox's Bazar,0,1,0,0,0,0,1,0,None,Hotel,,,,,,,,1.0,1.0,1.0,1.0,1.0,1.0,1.0,1.0,"Plot 12, Block A, Kolatali, 4700 Cox's Bazar, Bangladesh",21.42601349,91.97883184
Cox's Bazar,2026-10-03,2026-10-04,2026-09-03 10:47:38,29,1,Ocean Palace Cox'sBazar,https://www.booking.com/hotel/bd/ocean-palace-cox-sbazar.html,ocean-palace-cox-sbazar,37.0,3.6109,37.0,0.0,6.0,3.0,3.7,29,Standard,2.6,Cox's Bazar,1,1,0,0,0,0,1,0,None,Hotel,,,,,,,,1.0,1.0,1.0,1.0,1.0,1.0,1.0,1.0,"Plot 15/A, Block C, Kolatoli Road, 4700 Cox's Bazar, Bangladesh",21.41875916,91.98301684
Cox's Bazar,2026-10-03,2026-10-04,2026-09-03 10:47:47,29,1,Royal Beach Resort,https://www.booking.com/hotel/bd/palm-riviera.html,palm-riviera,36.0,3.5835,36.0,0.0,6.0,3.0,5.0,23,Standard,1.4,Cox's Bazar,1,1,1,0,0,0,1,0,None,Resort,,,,,,,,1.0,1.0,1.0,1.0,1.0,1.0,1.0,1.0,"Plot No 64, Block No B, Sugandha Point, Kolatali, Cox's Bazar, 4700 Cox's Bazar, Bangladesh",21.45445786,91.9756595
Cox's Bazar,2026-10-03,2026-10-04,2026-09-03 10:47:47,29,1,The Sea Princess Hotel,https://www.booking.com/hotel/bd/crabs.html,crabs,47.0,3.8501,47.0,0.0,8.0,3.0,5.7,7,Standard,2.3,Cox's Bazar,1,1,0,0,0,0,1,0,None,Hotel,,,,,,,,1.0,1.0,1.0,1.0,1.0,1.0,1.0,1.0,"CXFJ+475 Sugandha Point, 4700 Cox's Bazar, Bangladesh",21.4214332,91.9776513
Cox's Bazar,2026-10-03,2026-10-04,2026-09-03 10:47:47,29,1,Hotel Inani Long Bay,https://www.booking.com/hotel/bd/inani-long-bay.html,inani-long-bay,29.0,3.3673,29.0,0.0,5.0,0.0,5.0,6,Standard,24.2,Cox's Bazar,1,1,0,0,0,0,0,0,None,Hotel,,,,,,,,1.0,1.0,1.0,1.0,1.0,1.0,1.0,1.0,"Jalia Palong, Inani Beach,, 4750 Cox's Bazar, Bangladesh",21.23456981,92.04858584
Cox's Bazar,2026-10-03,2026-10-04,2026-09-03 10:47:47,29,1,Hotel Sea Shine,https://www.booking.com/hotel/bd/sea-shine-coxs-bazar.html,sea-shine-coxs-bazar,18.0,2.8904,18.0,0.0,3.0,0.0,,0,No reviews,2.9,Cox's Bazar,0,1,0,0,0,0,1,0,None,Hotel,,,,,,,,1.0,1.0,1.0,1.0,1.0,1.0,1.0,1.0,"Kolatoli Shark Point, 4700 Cox's Bazar, Bangladesh",21.4160322,91.9843619
Cox's Bazar,2026-10-03,2026-10-04,2026-09-03 10:47:47,29,1,Hotel Shams Plaza,https://www.booking.com/hotel/bd/shams-plaza.html,shams-plaza,18.0,2.8904,18.0,0.0,2.0,0.0,3.3,4,Standard,1.0,Cox's Bazar,0,1,0,0,0,0,1,0,None,Hotel,,,,,,,,1.0,1.0,1.0,1.0,1.0,1.0,1.0,1.0,"Plot # 18, Block # A, 4700 Cox's Bazar, Bangladesh",21.43500497,91.9720117
Cox's Bazar,2026-10-03,2026-10-04,2026-09-03 10:47:47,29,1,Shahjadi Resort,https://www.booking.com/hotel/bd/shahjadi-resort-cox-39-s-bazar.html,shahjadi-resort-cox-39-s-bazar,21.0,3.0445,21.0,0.0,3.0,0.0,5.5,76,Standard,3.5,Cox's Bazar,1,1,0,0,0,0,1,0,None,Resort,,,,,,,,1.0,1.0,1.0,1.0,1.0,1.0,1.0,1.0,"Kolatoli Dolphin Moor, Kolatali, Cox's Bazar, 4700 Cox's Bazar, Bangladesh",21.4128498,91.9905996
Cox's Bazar,2026-10-03,2026-10-04,2026-09-03 10:47:47,29,1,Hotel Sea Queen,https://www.booking.com/hotel/bd/sea-queen-cox-39-s-bazar.html,sea-queen-cox-39-s-bazar,10.0,2.3026,10.0,0.0,3.0,1.0,3.5,85,Standard,0.7,Cox's Bazar,0,1,0,0,0,0,1,0,None,Hotel,,,,,,,,1.0,1.0,1.0,1.0,1.0,1.0,1.0,1.0,"Main Road Jhawtala, 4700 Cox's Bazar, Bangladesh",21.443301,91.972014
Cox's Bazar,2026-10-03,2026-10-04,2026-09-03 10:47:47,29,1,Ramada by Wyndham Cox's Bazar Kolatoli Beach,https://www.booking.com/hotel/bd/ramada-by-wyndham-coxs-bazar-kolatoli-beach-coxs-bazar1.html,ramada-by-wyndham-coxs-bazar-kolatoli-beach-coxs-bazar1,135.0,4.9053,135.0,0.0,,5.0,7.9,58,Good,3.4,Cox's Bazar,1,1,0,0,0,0,1,0,None,Hotel,,,,,,,,1.0,1.0,1.0,1.0,1.0,1.0,1.0,1.0,"Marine Drive Road Kolatoli, 4700 Cox's Bazar, Bangladesh",21.414885,91.994109
Cox's Bazar,2026-10-03,2026-10-04,2026-09-03 10:47:47,29,1,Hotel World Beach Resort,https://www.booking.com/hotel/bd/world-beach-resort-coxs-bazar5.html,world-beach-resort-coxs-bazar5,55.0,4.0073,55.0,0.0,9.0,0.0,10.0,0,Exceptional,2.9,Cox's Bazar,0,1,0,0,0,0,1,0,None,Resort,,,,,,,,1.0,1.0,1.0,1.0,1.0,1.0,1.0,1.0,"World Beach Resort Hotel World Beach Resort Coxs Bazar, 4700 Cox's Bazar, Bangladesh",21.4163257,91.9858217
Cox's Bazar,2026-10-03,2026-10-04,2026-09-03 10:47:47,29,1,Hotel Bay Marina,https://www.booking.com/hotel/bd/bay-marina-coxs-bazar1.html,bay-marina-coxs-bazar1,25.0,3.2189,25.0,0.0,4.0,0.0,4.4,8,Standard,1.8,Cox's Bazar,1,1,0,0,0,0,1,0,None,Hotel,,,,,,,,1.0,1.0,1.0,1.0,1.0,1.0,1.0,1.0,"Plot No 61, Block B, Sugandha Point,, 4700 Cox's Bazar, Bangladesh",21.4252921,91.9792208
Cox's Bazar,2026-10-03,2026-10-04,2026-09-03 10:47:47,29,1,Hotel Cox Rotana,https://www.booking.com/hotel/bd/cox-rotana.html,cox-rotana,25.0,3.2189,25.0,0.0,4.0,3.0,4.2,24,Standard,3.5,Cox's Bazar,1,1,0,0,0,0,1,0,None,Hotel,,,,,,,,1.0,1.0,1.0,1.0,1.0,1.0,1.0,1.0,"Marine Drive Road, Kolatoli, Cox's Bazar, 4700 Cox's Bazar, Bangladesh",21.41285,91.9906
Cox's Bazar,2026-10-03,2026-10-04,2026-09-03 10:47:47,29,1,Hotel Elaf International,https://www.booking.com/hotel/bd/elaf-international-coxs-bazar.html,elaf-international-coxs-bazar,25.0,3.2189,25.0,0.0,4.0,3.0,6.0,4,Standard,2.1,Cox's Bazar,1,1,0,0,0,0,1,0,None,Hotel,,,,,,,,1.0,1.0,1.0,1.0,1.0,1.0,1.0,1.0,"Hotel Elaf International Plot 52, Block B, Sugandha Point. Kolatali., 4700 Cox's Bazar, Bangladesh",21.4231156,91.9812111
Cox's Bazar,2026-10-03,2026-10-04,2026-09-03 10:47:47,29,1,Hotel Vista Bay,https://www.booking.com/hotel/bd/vista-bay-resort.html,vista-bay-resort,23.0,3.1355,23.0,0.0,3.0,0.0,4.5,37,Standard,2.1,Cox's Bazar,1,1,1,0,0,0,1,0,None,Hotel,,,,,,,,1.0,1.0,1.0,1.0,1.0,1.0,1.0,1.0,"Plot #50, Block B, Kolatoli, 4700 Cox's Bazar, Bangladesh",21.42334539,91.98115468
Cox's Bazar,2026-10-03,2026-10-04,2026-09-03 10:47:47,29,1,Urmee Guest House,https://www.booking.com/hotel/bd/urmee-guest-house.html,urmee-guest-house,23.0,3.1355,23.0,0.0,4.0,2.0,3.6,30,Standard,2.4,Cox's Bazar,0,1,0,0,0,0,1,0,None,Guesthouse,,,,,,,,1.0,1.0,1.0,1.0,1.0,1.0,1.0,1.0,"Opposite of Sea Palace, Kolatoli Road, 4700 Cox's Bazar, Bangladesh",21.4204306,91.98221403
Cox's Bazar,2026-10-03,2026-10-04,2026-09-03 10:47:47,29,1,Hotel Regal Palace,https://www.booking.com/hotel/bd/royal-bay-regal-palace-amp-resort.html,royal-bay-regal-palace-amp-resort,25.0,3.2189,25.0,0.0,4.0,3.0,7.4,11,Good,2.0,Cox's Bazar,1,1,0,0,0,0,1,0,None,Hotel,,,,,,,,1.0,1.0,1.0,1.0,1.0,1.0,1.0,1.0,"Plot # 48, Bloc # B, Kolatoli Rd,  Cox’s Bazar, Bangladesh, 4700 Cox's Bazar, Bangladesh",21.42363086,91.98097765
Cox's Bazar,2026-10-03,2026-10-04,2026-09-03 10:47:47,29,1,Grand Beach Resort,https://www.booking.com/hotel/bd/grand-beach-resort.html,grand-beach-resort,15.0,2.7081,15.0,0.0,2.0,0.0,3.8,16,Standard,1.8,Cox's Bazar,0,1,0,0,0,0,1,0,None,Resort,,,,,,,,1.0,1.0,1.0,1.0,1.0,1.0,1.0,1.0,"Block A, Plot 27, (In front of Long Beach Hotel), 4700 Cox's Bazar, Bangladesh",21.425621,91.978328
Cox's Bazar,2026-10-03,2026-10-04,2026-09-03 10:47:47,29,1,Impulse Ocean View,https://www.booking.com/hotel/bd/ocean-view.html,ocean-view,22.0,3.091,22.0,0.0,4.0,0.0,2.7,18,Standard,3.5,Cox's Bazar,0,1,0,0,0,0,1,0,None,Hotel,,,,,,,,1.0,1.0,1.0,1.0,1.0,1.0,1.0,1.0,"Plot # 69, Block # A, Kolatali, Cox's Bazar, 4700 Cox's Bazar, Bangladesh",21.41285,91.9906
Cox's Bazar,2026-10-03,2026-10-04,2026-09-03 10:47:47,29,1,White Orchid,https://www.booking.com/hotel/bd/white-orchid.html,white-orchid,32.0,3.4657,32.0,0.0,5.0,3.0,6.3,22,Standard,2.3,Cox's Bazar,0,1,0,0,0,0,1,0,None,Hotel,,,,,,,,1.0,1.0,1.0,1.0,1.0,1.0,1.0,1.0,"Plot # 30, Block # B, Sea beach Road R/A, Kolatoli, 4700 Cox's Bazar, Bangladesh",21.4211504,91.98221147
Cox's Bazar,2026-10-03,2026-10-04,2026-09-03 10:47:47,29,1,Epindi Studio Apartment,https://www.booking.com/hotel/bd/epindi-studio-apartment-coxs-bazar.html,epindi-studio-apartment-coxs-bazar,40.0,3.6889,40.0,0.0,7.0,0.0,1.0,0,Standard,2.9,Cox's Bazar,0,1,0,0,0,0,1,0,None,Apartment,,,,,,,,1.0,1.0,1.0,1.0,1.0,1.0,1.0,1.0,"World Beach Resort, 4700 Cox's Bazar, Bangladesh",21.4163257,91.9858217
Cox's Bazar,2026-10-03,2026-10-04,2026-09-03 10:47:47,29,1,Sea Paradise,https://www.booking.com/hotel/bd/sea-paradise.html,sea-paradise,50.0,3.912,50.0,0.0,8.0,3.0,5.4,46,Standard,3.0,Cox's Bazar,1,1,0,0,0,0,1,0,None,Hotel,,,,,,,,1.0,1.0,1.0,1.0,1.0,1.0,1.0,1.0,"Kolatoli Beach Point, Kolatali, 4700 Cox's Bazar, Bangladesh",21.41520796,91.98327141
Cox's Bazar,2026-10-03,2026-10-04,2026-09-03 10:47:47,29,1,Hotel Media,https://www.booking.com/hotel/bd/media.html,media,36.0,3.5835,36.0,0.0,5.0,0.0,4.8,32,Standard,1.8,Cox's Bazar,1,1,1,0,0,0,1,0,None,Hotel,,,,,,,,1.0,1.0,1.0,1.0,1.0,1.0,1.0,1.0,"Sea Beach Road, 4700 Cox's Bazar, Bangladesh",21.4268693,91.9712412
Cox's Bazar,2026-10-03,2026-10-04,2026-09-03 10:47:47,29,1,Hotel Beach Way,https://www.booking.com/hotel/bd/beach-way.html,beach-way,33.0,3.4965,33.0,0.0,9.0,3.0,6.0,19,Standard,2.5,Cox's Bazar,1,1,0,0,0,0,1,0,None,Hotel,,,,,,,,1.0,1.0,1.0,1.0,1.0,1.0,1.0,1.0,"House-21, Block-C, Kolatoli Road, 4700 Cox's Bazar, Bangladesh",21.41971054,91.98298001
Cox's Bazar,2026-10-03,2026-10-04,2026-09-03 10:47:47,29,1,Beach Queen Resort,https://www.booking.com/hotel/bd/beach-queen-resort.html,beach-queen-resort,30.0,3.4012,30.0,0.0,5.0,3.0,4.0,5,Standard,3.3,Cox's Bazar,1,1,0,0,0,0,1,0,None,Resort,,,,,,,,1.0,1.0,1.0,1.0,1.0,1.0,1.0,1.0,"Himchari, Pechar Dip, Marin Drive Road, Cox's Bazar, 4700 Cox's Bazar, Bangladesh",21.427228,92.005807
Cox's Bazar,2026-10-03,2026-10-04,2026-09-03 10:47:47,29,1,Ostad Jahangir Resort,https://www.booking.com/hotel/bd/ostad-jahangir-resort.html,ostad-jahangir-resort,35.0,3.5553,35.0,0.0,6.0,3.0,5.3,3,Standard,2.9,Cox's Bazar,0,1,0,0,0,0,1,0,None,Resort,,,,,,,,1.0,1.0,1.0,1.0,1.0,1.0,1.0,1.0,"Cox's Bazar Sea Beach Marine Drive, 4700 Ostad Jahangir Road, 4700 Cox's Bazar, Bangladesh",21.415935,91.9809917
Cox's Bazar,2026-10-03,2026-10-04,2026-09-03 10:47:47,29,1,Exotica Sampan,https://www.booking.com/hotel/bd/exotica-sampan.html,exotica-sampan,47.0,3.8501,47.0,0.0,7.0,0.0,2.4,15,Standard,4.5,Cox's Bazar,1,1,1,0,0,0,1,0,None,Hotel,,,,,,,,1.0,1.0,1.0,1.0,1.0,1.0,1.0,1.0,"Marin Drive Point, 4700 Cox's Bazar, Bangladesh",21.403779,91.992787
